ID;qtdActivityPostAnswer;QtdfActivityBadgeEarned;QtdActivityCommentPosted;qtsActivityQUestionPosted;qtdANswe;qtdTotalScoreAnswer;avgScoreANsw;qtdTotalBadges;QtdTotalBadgesBronze;qtdTotalBadgesSilver;qtdTotalBadgesGo;qtdComment;qtdTotalScoreCommen;AvgScoreCommen;qtdQuestion;QtdTotalScoreQuesdti;avgScoreQuesti;QtdTotalViewsQuestion;avgQTdViewsQUesti;userScore;Expertise
15;4;1;2;1;2;0;0;0;0;0;0;0;0;0;0;0;0;0;0;4;1.380952381
18;0;0;0;0;1;3;3;4;4;0;0;0;0;0;0;0;0;0;0;5;1.80952381
22;2;2;0;0;2;3;1.5;10;10;0;0;12;1;0.0833;5;8;1.6;2974;594.8;11;174.284919
27;0;0;0;0;1;0;0;0;0;0;0;0;0;0;0;0;0;0;0;1;1.380952381
33;1;1;0;0;2;3;1.5;1;1;0;0;2;0;0;0;0;0;0;0;3;2.30952381
38;6;3;1;0;7;8;1.1429;25;19;6;0;46;5;0.1087;35;26;0.7429;24291;694.0286;61;1203.47729
39;6;3;2;1;1;0;0;7;6;1;0;3;0;0;7;13;1.8571;6112;873.1429;11;337.4761905
46;0;0;0;0;5;0;0;11;10;1;0;23;1;0.0435;14;11;0.7857;8476;605.4286;51;440.7265619
48;0;0;0;0;1;0;0;1;1;0;0;1;0;0;1;-1;-1;33;33;3;5.714285714
56;0;0;0;0;1;0;0;1;1;0;0;0;0;0;0;0;0;0;0;5;3.047619048
64;0;0;0;0;1;3;3;4;4;0;0;1;0;0;2;1;0.5;259;129.5;10;22.95238095
68;0;0;0;0;3;1;0.3333;3;3;0;0;2;0;0;1;0;0;54;54;9;9.444442857
89;0;0;0;0;1;1;1;10;10;0;0;22;0;0;17;16;0.9412;4866;286.2353;33;254.9131667
92;1;0;0;0;1;5;5;6;5;1;0;4;0;0;1;1;1;28;28;6;8.80952381
99;2;1;0;0;3;49;16.3333;25;13;11;1;5;0;0;3;42;14;14717;4905.6667;12;948.5238095
105;0;0;0;0;1;0;0;0;0;0;0;0;0;0;0;0;0;0;0;1;5.095238095
109;8;4;1;3;1;0;0;4;4;0;0;1;0;0;2;1;0.5;546;273;5;45.83333333
116;0;0;0;0;1;3;3;1;1;0;0;0;0;0;0;0;0;0;0;3;6.095238095
136;80;15;37;28;1;1;1;12;9;2;1;6;0;0;3;-5;-1.6667;111269;37089.6667;12;7080.761905
140;2;2;0;0;2;0;0;10;9;1;0;9;0;0;6;5;0.8333;7445;1240.8333;18;423.3650762
141;98;4;51;0;1;1;1;1;1;0;0;0;0;0;0;0;0;0;0;4;14.42857143
151;72;19;31;15;5;12;2.4;18;15;3;0;23;0;0;14;20;1.4286;10583;755.9286;40;560.9884381
158;1;0;0;0;10;31;3.1;10;7;3;0;5;51;10.2;0;0;0;0;0;22;14.82380952
171;6;1;4;1;2;0;0;3;3;0;0;0;0;0;0;0;0;0;0;4;9.285714286
180;3;2;0;1;1;4;4;2;2;0;0;0;0;0;0;0;0;0;0;2;9.571428571
181;0;0;0;0;1;2;2;2;2;0;0;0;0;0;0;0;0;0;0;1;9.095238095
184;5;3;0;1;1;0;0;3;3;0;0;2;0;0;2;1;0.5;1728;864;3;133.3571429
185;3;2;0;0;1;0;0;1;1;0;0;0;0;0;0;0;0;0;0;2;9.285714286
187;18;9;3;6;13;47;3.6154;34;20;13;1;20;1;0.05;7;81;11.5714;76153;10879;36;4168.725562
189;0;0;0;0;21;87;4.1429;12;6;6;0;11;11;1;0;0;0;0;0;29;17.95918571
197;5;3;1;0;2;2;1;19;13;4;2;24;1;0.0417;6;34;5.6667;63888;10648;15;3565.271829
208;0;0;0;0;2;0;0;10;9;1;0;13;1;0.0769;10;5;0.5;7674;767.4;24;415.4750905
220;0;0;0;0;8;8;1;3;2;1;0;0;0;0;0;0;0;0;0;14;12.23809524
222;5;3;1;1;1;1;1;1;1;0;0;0;0;0;0;0;0;0;0;2;11.38095238
225;1;1;0;0;6;6;1;6;6;0;0;2;0;0;0;0;0;0;0;12;12.66666667
228;0;0;0;0;2;0;0;2;2;0;0;0;0;0;1;0;0;1807;1807;6;183.5714286
234;0;0;0;0;2;0;0;5;4;1;0;1;0;0;3;-1;-0.3333;175;58.3333;12;23.52380952
235;1;1;0;0;5;12;2.4;10;9;1;0;3;0;0;3;11;3.6667;4052;1350.6667;17;272.2254
237;3;2;0;0;16;4;0.25;4;4;0;0;12;2;0.1667;0;0;0;0;0;23;14.63889048
238;18;6;7;5;1;0;0;6;5;1;0;1;0;0;2;5;2.5;9127;4563.5;8;666.4761905
240;0;0;0;0;15;77;5.1333;52;29;22;1;20;14;0.7;22;77;3.5;69931;3178.6818;63;3511.9531
242;0;0;0;0;5;9;1.8;3;3;0;0;5;3;0.6;0;0;0;0;0;6;13.25714286
249;0;0;0;0;2;1;0.5;8;8;0;0;20;2;0.1;6;4;0.6667;1758;293;17;112.8222238
251;0;0;0;0;1;1;1;1;1;0;0;0;0;0;0;0;0;0;0;0;12.19047619
268;0;0;0;0;170;108;0.6353;57;36;19;2;266;31;0.1165;24;9;0.375;17808;742;158;938.0536571
271;0;0;0;0;3;0;0;4;4;0;0;1;0;0;1;0;0;50;50;9;18.71428571
274;2;1;0;1;1;0;0;4;4;0;0;0;0;0;0;0;0;0;0;2;13.76190476
277;5;1;3;1;7;2;0.2857;3;3;0;0;4;0;0;0;0;0;0;0;19;15.48979524
284;0;0;0;0;9;20;2.2222;44;29;14;1;49;2;0.0408;37;129;3.4865;100947;2728.2973;60;4969.478419
287;20;5;11;3;20;64;3.2;38;22;15;1;94;61;0.6489;22;38;1.7273;35141;1597.3182;68;1786.328305
290;0;0;0;0;11;1;0.0909;13;12;1;0;16;1;0.0625;6;7;1.1667;8397;1399.5;22;484.6581
294;2;1;0;1;2;-1;-0.5;0;0;0;0;0;0;0;0;0;0;0;0;8;14.5952381
298;0;0;0;0;62;296;4.7742;57;35;19;3;107;24;0.2243;23;82;3.5652;58407;2539.4348;101;2955.333262
305;0;0;0;0;1;3;3;1;1;0;0;0;0;0;0;0;0;0;0;2;15.04761905
307;0;0;0;0;8;11;1.375;15;12;3;0;72;3;0.0417;9;13;1.4444;9003;1000.3333;39;499.914019
311;14;9;2;3;87;63;0.7241;28;20;7;1;182;51;0.2802;1;3;3;1572;1572;75;190.7144905
313;12;7;2;3;2;0;0;1;1;0;0;0;0;0;0;0;0;0;0;6;16.52380952
329;0;0;0;0;1;1;1;7;5;1;1;0;0;0;2;4;2;14026;7013;9;1019.142857
334;78;37;26;15;2;12;6;14;10;3;1;3;0;0;4;-2;-0.5;18806;4701.5;18;1146.095238
337;0;0;0;0;1;1;1;1;1;0;0;0;0;0;0;0;0;0;0;3;16.42857143
340;2;1;0;0;4;20;5;37;23;13;1;9;2;0.2222;18;37;2.0556;79181;4398.9444;33;4006.0582
343;96;22;53;10;1;1;1;3;3;0;0;5;0;0;2;-2;-1;415;207.5;4;55.4047619
352;0;0;0;0;1;0;0;4;4;0;0;1;0;0;1;1;1;1074;1074;3;119.8095238
354;0;0;0;0;22;25;1.1364;17;13;4;0;83;20;0.241;8;9;1.125;2504;313;58;163.4524952
375;1;0;0;0;143;253;1.7692;130;82;43;5;268;73;0.2724;73;155;2.1233;216763;2969.3562;201;10549.45339
378;0;0;0;0;1;0;0;0;0;0;0;0;0;0;0;0;0;0;0;2;18.14285714
388;11;3;5;2;5;-1;-0.2;9;9;0;0;18;2;0.1111;12;4;0.3333;4947;412.25;20;278.4044952
389;0;0;0;0;1;1;1;13;10;3;0;18;1;0.0556;9;6;0.6667;12144;1349.3333;8;664.4788381
394;0;0;0;0;1;0;0;2;2;0;0;3;1;0.3333;3;2;0.6667;124;41.3333;13;27.96825238
396;3;2;0;0;1;1;1;1;1;0;0;0;0;0;0;0;0;0;0;4;19.52380952
407;0;0;0;0;50;144;2.88;34;22;12;0;49;26;0.5306;4;7;1.75;5704;1426;80;379.5314571
413;87;13;55;4;2;0;0;1;1;0;0;0;0;0;0;0;0;0;0;4;27.61904762
414;39;22;12;1;1;2;2;1;1;0;0;0;0;0;0;0;0;0;0;4;23.76190476
424;1;1;0;0;1;4;4;1;1;0;0;0;0;0;0;0;0;0;0;1;20.85714286
425;0;0;0;0;6;4;0.6667;4;4;0;0;3;0;0;0;0;0;0;0;8;21.65079524
427;0;0;0;0;1;0;0;3;3;0;0;0;0;0;1;2;2;1609;1609;5;174.3809524
435;17;2;13;1;7;56;8;33;21;11;1;66;29;0.4394;12;19;1.5833;20224;1685.3333;32;1079.731238
442;0;0;0;0;1;0;0;2;2;0;0;0;0;0;0;0;0;0;0;2;21.38095238
444;0;0;0;0;3;0;0;2;2;0;0;0;0;0;1;0;0;27;27;7;24.42857143
447;0;0;0;0;1;2;2;2;2;0;0;0;0;0;0;0;0;0;0;3;21.85714286
471;85;3;48;6;5;26;5.2;9;6;3;0;0;0;0;0;0;0;0;0;10;32.24761905
474;3;2;0;0;4;9;2.25;7;7;0;0;6;0;0;1;2;2;60;60;10;30.91666667
477;5;2;1;1;6;22;3.6667;18;14;4;0;15;0;0;5;3;0.6;12655;2531;13;751.2507952
484;0;0;0;0;1;-1;-1;5;5;0;0;3;0;0;3;4;1.3333;2189;729.6667;10;163.4761905
485;0;0;0;0;1;0;0;0;0;0;0;0;0;0;0;0;0;0;0;3;23.28571429
492;2;1;0;0;54;45;0.8333;59;37;19;3;80;2;0.025;56;67;1.1964;169135;3020.2679;79;8245.396314
494;8;5;1;1;6;5;0.8333;3;3;0;0;3;2;0.6667;0;0;0;0;0;13;25.97619048
502;0;0;0;0;2;0;0;0;0;0;0;0;0;0;1;-2;-2;73;73;3;30.95238095
505;8;5;0;3;1;0;0;5;5;0;0;10;0;0;9;7;0.7778;3481;386.7778;10;211.2645524
511;6;3;2;1;7;27;3.8571;9;6;3;0;4;6;1.5;0;0;0;0;0;13;28.73129048
513;1;1;0;0;142;98;0.6901;32;19;12;1;458;105;0.2293;35;26;0.7429;15083;430.9429;138;814.1240571
515;1;0;0;0;3;1;0.3333;6;5;1;0;2;1;0.5;0;0;0;0;0;9;25.94444286
519;0;0;0;0;1;0;0;2;2;0;0;4;1;0.25;6;0;0;374;62.3333;15;46.98015714
522;0;0;0;0;2;0;0;1;1;0;0;0;0;0;0;0;0;0;0;5;25.28571429
523;48;8;27;12;1;73;73;6;3;3;0;0;0;0;0;0;0;0;0;4;37.19047619
524;0;0;0;0;1;-2;-2;3;3;0;0;1;0;0;0;0;0;0;0;2;25.23809524
533;0;0;0;0;1;3;3;2;2;0;0;0;0;0;0;0;0;0;0;2;26
540;0;0;0;0;1;2;2;2;2;0;0;0;0;0;0;0;0;0;0;3;26.28571429
542;1;1;0;0;4;1;0.25;10;9;1;0;7;0;0;3;0;0;5671;1890.3333;8;388.0277762
543;0;0;0;0;1;0;0;0;0;0;0;0;0;0;0;0;0;0;0;4;26.0952381
547;0;0;0;0;2;2;1;7;7;0;0;2;0;0;2;5;2.5;2043;1021.5;11;173.952381
548;2;1;1;0;9;7;0.7778;6;6;0;0;16;1;0.0625;2;0;0;106;53;13;36.7543
552;1;1;0;0;1;0;0;0;0;0;0;0;0;0;0;0;0;0;0;5;26.66666667
554;0;0;0;0;1;25;25;10;7;3;0;3;0;0;1;1;1;1371;1371;8;161
560;0;0;0;0;3;1;0.3333;1;1;0;0;1;0;0;0;0;0;0;0;8;27.39682381
561;0;0;0;0;47;20;0.4255;14;11;3;0;53;7;0.1321;8;-1;-0.125;4060;507.5;76;255.568219
563;1;1;0;0;1;0;0;1;1;0;0;0;0;0;1;0;0;124;124;4;39.0952381
567;0;0;0;0;9;17;1.8889;16;10;6;0;8;10;1.25;4;21;5.25;16971;4242.75;26;1043.625662
571;100;63;14;0;22;161;7.3182;136;70;52;14;45;95;2.1111;40;616;15.4;758291;18957.275;96;37112.76687
573;2;2;0;0;1;1;1;3;3;0;0;0;0;0;0;0;0;0;0;2;28
578;0;0;0;0;1;1;1;1;1;0;0;0;0;0;0;0;0;0;0;5;28
581;0;0;0;0;2;1;0.5;5;4;1;0;5;0;0;3;-2;-0.6667;3698;1232.6667;12;263.9285714
585;0;0;0;0;13;47;3.6154;23;17;6;0;33;1;0.0303;11;15;1.3636;11565;1051.3636;40;638.6844238
586;0;0;0;0;4;19;4.75;9;6;3;0;8;11;1.375;0;0;0;0;0;8;31.43452381
588;87;19;45;11;1;1;1;2;2;0;0;0;0;0;0;0;0;0;0;3;36.19047619
589;2;1;0;0;87;356;4.092;59;34;25;0;148;60;0.4054;1;1;1;2219;2219;96;281.0713048
611;0;0;0;0;6;8;1.3333;4;4;0;0;4;0;0;0;0;0;0;0;11;30.92063333
612;0;0;0;0;1;0;0;0;0;0;0;0;0;0;0;0;0;0;0;2;29.28571429
627;0;0;0;0;274;430;1.5693;253;141;90;22;1072;161;0.1502;264;332;1.2576;812649;3078.2159;297;39033.00919
629;0;0;0;0;1;1;1;1;1;0;0;0;0;0;0;0;0;0;0;4;30.38095238
630;0;0;0;0;2;-1;-0.5;6;6;0;0;6;0;0;1;0;0;29;29;8;34.07142857
631;1;1;0;0;4;6;1.5;8;7;1;0;1;1;1;2;1;0.5;5910;2955;12;454.4761905
633;0;0;0;0;7;1;0.1429;9;9;0;0;14;1;0.0714;14;-2;-0.1429;1490;106.4286;35;110.3571429
642;1;1;0;0;1;0;0;0;0;0;0;0;0;0;0;0;0;0;0;3;30.85714286
644;0;0;0;0;6;5;0.8333;5;5;0;0;3;1;0.3333;1;0;0;11;11;9;33.43650476
648;87;6;57;0;11;14;1.2727;20;13;6;1;4;0;0;8;1;0.125;29354;3669.25;39;1616.1737
654;3;1;1;1;1;0;0;2;2;0;0;0;0;0;1;1;1;32;32;1;34.9047619
657;2;1;0;1;1;1;1;1;1;0;0;0;0;0;0;0;0;0;0;1;31.76190476
660;0;0;0;0;1;2;2;1;1;0;0;0;0;0;0;0;0;0;0;5;32
669;5;3;1;1;10;14;1.4;20;16;4;0;28;17;0.6071;10;12;1.2;6992;699.2;43;407.0193857
681;1;1;0;0;4;2;0.5;3;3;0;0;2;0;0;0;0;0;0;0;14;33.88095238
683;0;0;0;0;10;-2;-0.2;6;6;0;0;6;0;0;1;0;0;666;666;13;97.84761905
685;0;0;0;0;2;-1;-0.5;1;0;1;0;1;0;0;1;0;0;112;112;7;43.83333333
691;1;1;0;0;5;14;2.8;8;7;1;0;1;0;0;0;0;0;0;0;16;35.60952381
694;1;0;0;0;2;1;0.5;13;13;0;0;50;6;0.12;11;12;1.0909;7501;681.9091;19;428.8866667
697;1;1;0;0;1;1;1;11;10;1;0;15;2;0.1333;10;6;0.6;9482;948.2;23;533.8539667
703;0;0;0;0;2;1;0.5;6;6;0;0;7;1;0.1429;2;1;0.5;811;405.5;5;92.93537619
704;1;0;0;0;11;11;1;8;6;2;0;5;0;0;4;2;0.5;304;76;22;55.11904762
706;2;0;0;0;1;1;1;9;9;0;0;1;1;1;2;2;1;1547;773.5;6;145.8809524
710;3;1;0;0;1;0;0;1;1;0;0;0;0;0;0;0;0;0;0;3;34.28571429
718;77;11;30;3;1;0;0;0;0;0;0;0;0;0;0;0;0;0;0;4;40.19047619
733;0;0;0;0;1;0;0;5;4;1;0;4;3;0.75;2;11;5.5;3870;1935;6;313.3928571
734;73;20;35;17;4;2;0.5;2;2;0;0;0;0;0;0;0;0;0;0;11;42.88095238
735;4;2;0;2;4;1;0.25;2;2;0;0;1;0;0;0;0;0;0;0;9;36.29761905
736;2;1;0;0;1;0;0;0;0;0;0;0;0;0;0;0;0;0;0;5;35.47619048
743;6;3;0;1;10;12;1.2;10;9;1;0;20;5;0.25;0;0;0;0;0;12;39.68809524
759;5;4;0;1;1;0;0;5;5;0;0;12;0;0;5;-3;-0.6;902;180.4;11;89.84761905
770;1;1;0;0;1;0;0;1;1;0;0;0;0;0;0;0;0;0;0;4;37.0952381
777;0;0;0;0;1;11;11;5;3;2;0;0;0;0;0;0;0;0;0;4;38.76190476
792;0;0;0;0;3;3;1;39;26;12;1;36;0;0;19;36;1.8947;59458;3129.3684;53;3029.060148
799;14;9;4;1;8;3;0.375;53;35;18;0;217;20;0.0922;81;96;1.1852;80728;996.642;144;3963.252114
821;6;3;1;2;1;1;1;1;1;0;0;0;0;0;0;0;0;0;0;3;40.04761905
823;80;7;55;1;24;12;0.5;27;22;4;1;75;9;0.12;44;29;0.6591;40081;910.9318;95;2014.343376
824;3;1;1;1;5;2;0.4;35;19;13;3;61;10;0.1639;26;138;5.3077;140500;5403.8462;51;7004.891324
826;14;8;4;2;2;0;0;7;7;0;0;6;0;0;5;14;2.8;3349;669.8;16;234.8857143
831;3;2;0;1;1;0;0;26;16;7;3;14;3;0.2143;14;281;20.0714;89150;6367.8571;28;4608.0068
836;0;0;0;0;3;10;3.3333;4;3;1;0;0;0;0;0;0;0;0;0;7;41.30158571
844;0;0;0;0;1;18;18;10;8;2;0;6;0;0;7;2;0.2857;4794;684.8571;19;305.4353714
854;0;0;0;0;1;0;0;1;0;1;0;0;0;0;0;0;0;0;0;1;40.85714286
860;2;1;0;0;4;1;0.25;8;8;0;0;35;4;0.1143;9;4;0.4444;5876;652.8889;17;356.3189333
863;1;1;0;0;1;1;1;2;1;1;0;0;0;0;0;0;0;0;0;3;41.66666667
864;0;0;0;0;12;12;1;8;7;1;0;8;0;0;1;1;1;885;885;17;128.7142857
870;0;0;0;0;1;1;1;1;1;0;0;0;0;0;0;0;0;0;0;2;41.76190476
875;1;1;0;0;1;1;1;1;1;0;0;0;0;0;0;0;0;0;0;5;42.23809524
877;5;0;4;1;2;2;1;15;10;4;1;10;2;0.2;7;14;2;48273;6896.1429;23;2673.778233
880;1;1;0;0;1;3;3;3;2;1;0;0;0;0;0;0;0;0;0;3;42.76190476
883;0;0;0;0;8;3;0.375;6;6;0;0;2;0;0;1;2;2;652;652;27;106.875
884;0;0;0;0;1;0;0;2;2;0;0;2;2;1;1;0;0;345;345;9;75.9047619
885;0;0;0;0;33;166;5.0303;61;36;24;1;118;88;0.7458;11;63;5.7273;35697;3245.1818;78;1929.413581
891;0;0;0;0;1;1;1;2;2;0;0;2;0;0;3;0;0;88;29.3333;4;48.77777619
896;0;0;0;0;1;0;0;0;0;0;0;0;0;0;0;0;0;0;0;3;42.85714286
898;1;1;0;0;1;0;0;3;3;0;0;2;0;0;2;0;0;536;268;3;81.80952381
899;3;2;0;1;1;103;103;13;4;8;1;0;0;0;1;0;0;1422;1422;4;189.8571429
901;4;0;3;1;1;1;1;4;4;0;0;5;0;0;1;0;0;1267;1267;6;165.047619
902;4;3;0;0;1;1;1;6;6;0;0;1;0;0;2;2;1;379;189.5;9;71.78571429
911;0;0;0;0;1;0;0;4;4;0;0;3;0;0;4;0;0;4496;1124;4;311.952381
912;3;1;0;0;1;1;1;1;1;0;0;0;0;0;0;0;0;0;0;4;44.04761905
913;14;5;5;4;3;0;0;4;4;0;0;11;0;0;3;-1;-0.3333;365;121.6667;10;69.58730476
927;1;0;0;0;7;16;2.2857;15;12;3;0;8;3;0.375;0;0;0;0;0;9;47.79336667
928;2;1;0;1;1;1;1;10;9;1;0;5;1;0.2;6;12;2;4600;766.6667;22;303.3269857
953;0;0;0;0;1;13;13;10;8;1;1;1;0;0;2;5;2.5;12606;6303;8;948.9285714
957;51;28;13;6;1;2;2;10;9;1;0;4;0;0;11;9;0.8182;10571;961;14;602.4199143
961;14;13;0;0;1;5;5;3;2;1;0;0;0;0;0;0;0;0;0;3;48
964;0;0;0;0;5;38;7.6;16;10;6;0;7;0;0;2;15;7.5;5820;2910;12;467.6238095
967;0;0;0;0;6;1;0.1667;13;11;1;1;13;0;0;10;4;0.4;6597;659.7;29;395.8698429
975;1;1;0;0;5;21;4.2;13;10;3;0;17;3;0.1765;4;6;1.5;1553;388.25;21;144.148881
978;80;32;35;0;1;0;0;2;2;0;0;0;0;0;0;0;0;0;0;2;53.9047619
980;0;0;0;0;1;0;0;0;0;0;0;0;0;0;0;0;0;0;0;5;46.95238095
981;0;0;0;0;1;0;0;2;2;0;0;2;1;0.5;2;1;0.5;1534;767;4;157.047619
982;4;2;1;1;1;2;2;2;2;0;0;0;0;0;0;0;0;0;0;4;47.76190476
986;72;26;19;8;1;0;0;10;9;1;0;21;1;0.0476;6;7;1.1667;8561;1426.8333;14;531.9070286
997;13;8;1;2;1;-1;-1;1;1;0;0;0;0;0;0;0;0;0;0;5;48.9047619
998;0;0;0;0;5;11;2.2;2;2;0;0;1;0;0;0;0;0;0;0;10;49.1047619
999;0;0;0;0;2;1;0.5;3;2;1;0;0;0;0;0;0;0;0;0;5;48.26190476
1000;0;0;0;0;1;0;0;4;4;0;0;8;0;0;5;3;0.6;674;134.8;9;87.78095238
1004;0;0;0;0;1;1;1;1;1;0;0;0;0;0;0;0;0;0;0;2;48.14285714
1005;0;0;0;0;1;0;0;2;2;0;0;0;0;0;1;2;2;41;41;7;52.57142857
1008;89;9;36;36;3;2;0.6667;4;4;0;0;0;0;0;1;0;0;638;638;11;118.0793667
1012;0;0;0;0;1;0;0;0;0;0;0;0;0;0;0;0;0;0;0;3;48.38095238
1015;0;0;0;0;1;0;0;2;2;0;0;4;0;0;1;1;1;791;791;4;124.4285714
1022;0;0;0;0;10;168;16.8;24;14;9;1;33;1;0.0303;16;4;0.25;7998;499.875;53;469.9978714
1029;2;0;1;1;3;-1;-0.3333;9;9;0;0;23;2;0.087;10;-2;-0.2;3955;395.5;19;259.7644619
1043;32;7;12;11;2;0;0;11;10;1;0;14;1;0.0714;9;10;1.1111;7132;792.4444;23;433.8869952
1048;0;0;0;0;1;0;0;2;2;0;0;0;0;0;0;0;0;0;0;5;50.38095238
1051;3;2;0;1;1;0;0;1;1;0;0;0;0;0;0;0;0;0;0;2;50.57142857
1054;0;0;0;0;1;0;0;2;2;0;0;0;0;0;1;0;0;19;19;5;52.52380952
1056;0;0;0;0;1;0;0;0;0;0;0;0;0;0;0;0;0;0;0;1;50.38095238
1058;4;4;0;0;5;1;0.2;4;4;0;0;0;0;0;1;-1;-1;196;196;8;70.43809524
1087;44;6;23;0;1;0;0;2;2;0;0;0;0;0;2;0;0;26;13;10;57.9047619
1092;22;9;4;2;2;1;0.5;14;9;3;2;5;0;0;10;5;0.5;35018;3501.8;17;1891.32381
1093;0;0;0;0;1;-1;-1;0;0;0;0;0;0;0;0;0;0;0;0;2;52.0952381
1097;1;1;0;0;1;0;0;4;4;0;0;1;0;0;1;0;0;30;30;1;55.76190476
1098;2;0;0;1;91;105;1.1538;73;45;23;5;92;33;0.3587;21;225;10.7143;187145;8911.6667;162;9430.709214
1103;0;0;0;0;4;8;2;7;6;1;0;0;0;0;0;0;0;0;0;9;54.28571429
1117;6;4;0;1;2;18;9;14;10;4;0;3;0;0;2;6;3;5716;2858;9;465.8095238
1126;0;0;0;0;4;430;107.5;19;8;10;1;5;1;0.2;1;1;1;87;87;11;90.46190476
1134;3;2;0;0;1;-1;-1;0;0;0;0;1;2;2;0;0;0;0;0;4;54.61904762
1141;4;2;0;0;5;2;0.4;30;23;7;0;53;6;0.1132;25;31;1.24;28392;1135.68;64;1472.496819
1142;2;0;1;1;1;0;0;1;1;0;0;1;0;0;2;0;0;108;54;3;62.71428571
1150;2;1;0;1;1;1;1;20;14;6;0;24;2;0.0833;21;29;1.381;27929;1329.9524;35;1455.63889
1151;9;7;0;2;53;314;5.9245;86;51;34;1;284;363;1.2782;18;31;1.7222;28964;1609.1111;131;1577.001714
1155;1;1;0;0;1;0;0;0;0;0;0;0;0;0;0;0;0;0;0;4;55.33333333
1159;0;0;0;0;1;0;0;1;1;0;0;0;0;0;0;0;0;0;0;3;55.47619048
1168;39;19;13;7;1;1;1;1;1;0;0;0;0;0;0;0;0;0;0;2;59.66666667
1169;5;3;1;1;2;4;2;3;3;0;0;5;1;0.2;1;2;2;194;194;7;76.15238095
1172;0;0;0;0;2;0;0;9;8;1;0;9;0;0;5;3;0.6;3635;727;15;266.0285714
1174;1;1;0;0;33;11;0.3333;16;13;3;0;89;13;0.1461;5;5;1;2401;480.2;46;204.4133048
1178;0;0;0;0;2;5;2.5;13;12;1;0;19;0;0;7;2;0.2857;11518;1645.4286;23;687.0578238
1181;3;2;0;1;1;2;2;12;10;2;0;2;0;0;2;29;14.5;1653;826.5;10;178.7142857
1187;0;0;0;0;1;2;2;2;2;0;0;1;0;0;0;0;0;0;0;5;57.23809524
1188;94;19;53;7;9;36;4;23;17;6;0;14;5;0.3571;1;1;1;160;160;26;86.87414762
1207;1;1;0;0;50;213;4.26;26;12;13;1;40;10;0.25;2;0;0;177;88.5;79;91.66714286
1209;1;0;0;1;3;2;0.6667;11;11;0;0;20;1;0.05;7;17;2.4286;1199;171.2857;26;127.7348095
1212;17;5;5;7;1;0;0;0;0;0;0;0;0;0;1;0;0;56;56;1;64.80952381
1213;0;0;0;0;1;0;0;1;1;0;0;0;0;0;0;0;0;0;0;3;58.04761905
1223;0;0;0;0;1;0;0;6;6;0;0;5;0;0;3;2;0.6667;1332;444;12;144.5079381
1225;1;1;0;0;4;0;0;1;1;0;0;2;0;0;0;0;0;0;0;12;59.38095238
1226;5;3;0;0;2;3;1.5;2;2;0;0;0;0;0;0;0;0;0;0;7;59.5952381
1231;1;0;0;1;49;26;0.5306;19;15;4;0;90;19;0.2111;9;9;1;5567;618.5556;42;366.7760619
1232;1;1;0;0;1;1;1;1;1;0;0;0;0;0;0;0;0;0;0;3;59.14285714
1237;0;0;0;0;1;1;1;1;1;0;0;0;0;0;0;0;0;0;0;4;59.33333333
1240;0;0;0;0;2;-1;-0.5;3;3;0;0;1;0;0;0;0;0;0;0;2;59.5
1241;0;0;0;0;1;0;0;0;0;0;0;0;0;0;0;0;0;0;0;2;59.23809524
1243;17;8;3;1;1;0;0;1;1;0;0;0;0;0;0;0;0;0;0;3;60.85714286
1251;0;0;0;0;3;0;0;4;4;0;0;5;0;0;6;7;1.1667;2558;426.3333;9;203.547619
1258;0;0;0;0;46;146;3.1739;319;167;117;35;394;43;0.1091;493;2408;4.8844;2144110;4349.1075;354;102583.2036
1274;2;1;0;0;4;56;14;18;9;9;0;3;0;0;1;4;4;2707;2707;9;324.8571429
1277;15;3;9;3;1;0;0;4;4;0;0;0;0;0;1;2;2;29;29;3;65.80952381
1278;10;5;1;3;3;-1;-0.3333;6;6;0;0;4;0;0;2;2;1;1126;563;12;143.8412714
1281;2;1;0;1;1;2;2;1;1;0;0;0;0;0;0;0;0;0;0;1;61.57142857
1282;18;11;3;4;8;2;0.25;15;12;3;0;19;5;0.2632;17;11;0.6471;14385;846.1765;32;794.0160381
1290;4;1;2;0;8;3;0.375;12;8;2;2;6;0;0;6;9;1.5;31832;5305.3333;33;1834.533729
1299;0;0;0;0;2;1;0.5;3;3;0;0;1;6;6;0;0;0;0;0;6;63.21428571
1310;4;1;2;1;1;1;1;6;6;0;0;2;1;0.5;2;2;1;3629;1814.5;7;323.4285714
1320;0;0;0;0;1;-1;-1;4;4;0;0;2;0;0;2;1;0.5;2950;1475;6;274.452381
1321;5;2;1;0;1;1;1;2;2;0;0;0;0;0;0;0;0;0;0;3;63.76190476
1327;11;5;3;3;3;4;1.3333;4;4;0;0;0;0;0;0;0;0;0;0;10;65.4920619
1329;0;0;0;0;87;119;1.3678;37;22;15;0;92;41;0.4457;8;2;0.25;4260;532.5;152;318.9792143
1335;0;0;0;0;1;0;0;1;1;0;0;0;0;0;1;3;3;312;312;6;94.04761905
1344;3;2;0;0;3;7;2.3333;3;3;0;0;1;0;0;0;0;0;0;0;11;65.6825381
1349;0;0;0;0;2;7;3.5;8;7;1;0;4;0;0;2;2;1;3106;1553;10;288.3571429
1352;2;1;0;1;5;1;0.2;1;1;0;0;0;0;0;0;0;0;0;0;5;65.2
1361;0;0;0;0;6;2;0.3333;11;11;0;0;29;4;0.1379;8;3;0.375;5296;662;19;352.9926762
1362;0;0;0;0;2;6;3;4;3;1;0;1;0;0;1;0;0;747;747;5;137.2380952
1367;0;0;0;0;244;315;1.291;46;26;19;1;512;148;0.2891;3;0;0;4115;1371.6667;325;404.4879429
1386;1;1;0;0;1;-1;-1;4;4;0;0;0;0;0;0;0;0;0;0;4;66.61904762
1389;0;0;0;0;1;0;0;1;1;0;0;0;0;0;2;2;1;129;64.5;5;75.97619048
1390;16;5;6;4;32;28;0.875;18;14;4;0;19;2;0.1053;1;1;1;365;365;26;109.4276333
1393;0;0;0;0;8;4;0.5;4;4;0;0;8;0;0;1;0;0;685;685;26;134.2142857
1403;35;12;5;0;128;757;5.9141;104;57;39;8;92;56;0.6087;40;268;6.7;165458;4136.45;195;8228.889181
1405;0;0;0;0;3;2;0.6667;4;4;0;0;0;0;0;0;0;0;0;0;10;68.03174762
1408;2;2;0;0;468;635;1.3568;61;37;22;2;649;164;0.2527;18;8;0.4444;6097;338.7222;400;491.1321952
1418;0;0;0;0;7;5;0.7143;2;2;0;0;1;0;0;1;-1;-1;97;97;13;78.17687143
1419;0;0;0;0;4;4;1;8;7;1;0;0;0;0;1;2;2;170;170;15;85.9047619
1422;0;0;0;0;4;1;0.25;9;9;0;0;13;0;0;7;0;0;2042;291.7143;22;181.950681
1438;2;2;0;0;1;0;0;7;7;0;0;5;1;0.2;8;3;0.375;5714;714.25;14;376.9916667
1444;3;2;0;1;2;0;0;24;19;5;0;75;9;0.12;42;28;0.6667;22313;531.2619;105;1171.621362
1445;0;0;0;0;12;6;0.5;8;8;0;0;9;1;0.1111;2;8;4;1906;953;32;209.2671952
1447;10;8;0;1;8;25;3.125;31;15;13;3;7;1;0.1429;11;91;8.2727;79147;7195.1818;27;4192.939162
1457;13;7;1;2;13;23;1.7692;12;9;3;0;20;1;0.05;2;-1;-0.5;330;165;28;99.34853333
1459;0;0;0;0;4;6;1.5;22;17;5;0;33;1;0.0303;28;24;0.8571;27932;997.5714;53;1456.37899
1461;19;7;7;5;1;0;0;0;0;0;0;0;0;0;0;0;0;0;0;4;71.61904762
1462;0;0;0;0;1;0;0;0;0;0;0;0;0;0;0;0;0;0;0;2;69.76190476
1464;2;1;0;0;5;2;0.4;17;13;3;1;10;0;0;15;4;0.2667;24284;1618.9333;29;1308.07619
1467;12;4;1;0;1;1;1;1;1;0;0;0;0;0;0;0;0;0;0;2;71
1468;92;26;42;19;1;1;1;3;3;0;0;1;0;0;0;0;0;0;0;2;79
1473;0;0;0;0;1;0;0;0;0;0;0;0;0;0;0;0;0;0;0;1;70.23809524
1481;0;0;0;0;18;48;2.6667;23;15;8;0;67;14;0.209;9;5;0.5556;8539;948.7778;56;535.0099571
1484;27;9;7;6;1;-1;-1;3;3;0;0;4;2;0.5;3;1;0.3333;2086;695.3333;8;206.5793619
1486;0;0;0;0;1;0;0;1;1;0;0;3;0;0;1;0;0;35;35;3;74.57142857
1498;5;2;1;2;3;0;0;2;2;0;0;2;0;0;1;0;0;96;96;7;81.76190476
1499;0;0;0;0;2;0;0;5;5;0;0;1;0;0;6;2;0.3333;4591;765.1667;18;328.3095238
1518;0;0;0;0;15;3;0.2;29;23;6;0;77;9;0.1169;45;34;0.7556;30186;670.8;107;1558.279643
1521;0;0;0;0;4;69;17.25;12;5;7;0;1;0;0;0;0;0;0;0;13;78.53571429
1525;0;0;0;0;1;1;1;10;9;1;0;26;1;0.0385;16;2;0.125;11360;710;16;651.3887381
1528;17;6;7;4;1;0;0;6;6;0;0;5;1;0.2;2;1;0.5;666;333;8;123.4142857
1530;0;0;0;0;1;5;5;2;1;1;0;0;0;0;0;0;0;0;0;4;73.76190476
1532;0;0;0;0;12;2;0.1667;4;4;0;0;3;0;0;0;0;0;0;0;15;74.86508095
1535;2;1;0;0;10;2;0.2;11;10;1;0;11;0;0;8;2;0.25;5450;681.25;41;369.7952381
1539;0;0;0;0;1;0;0;0;0;0;0;1;0;0;0;0;0;0;0;4;73.57142857
1543;13;2;7;4;1;0;0;3;3;0;0;1;0;0;1;0;0;63;63;3;81.28571429
1558;0;0;0;0;2;0;0;2;2;0;0;0;0;0;1;1;1;429;429;8;115.8571429
1574;0;0;0;0;1;0;0;0;0;0;0;3;0;0;0;0;0;0;0;1;75.19047619
1580;19;8;5;1;5;15;3;16;13;3;0;17;9;0.5294;4;8;2;8502;2125.5;20;588.3823524
1582;5;3;1;1;27;141;5.2222;41;22;19;0;8;9;1.125;3;15;5;4767;1589;52;395.0641524
1584;2;1;0;1;1;0;0;0;0;0;0;0;0;0;0;0;0;0;0;3;75.80952381
1585;0;0;0;0;1;0;0;0;0;0;0;0;0;0;0;0;0;0;0;2;75.61904762
1589;1;1;0;0;15;10;0.6667;14;13;1;0;39;3;0.0769;13;9;0.6923;3670;282.3077;58;272.3687429
1595;0;0;0;0;1;1;1;1;1;0;0;0;0;0;0;0;0;0;0;1;76.23809524
1601;9;4;4;1;1;0;0;0;0;0;0;0;0;0;0;0;0;0;0;4;77.33333333
1602;0;0;0;0;2;1;0.5;2;2;0;0;0;0;0;0;0;0;0;0;4;76.83333333
1611;4;2;1;1;1072;2563;2.3909;104;61;41;2;2710;1277;0.4712;0;0;0;0;0;427;470.4220048
1618;0;0;0;0;7;3;0.4286;7;7;0;0;11;0;0;4;4;1;621;155.25;18;116.9846952
1624;8;2;3;2;1;7;7;3;3;0;0;2;0;0;2;0;0;152;76;13;90.71428571
1627;0;0;0;0;1;0;0;1;1;0;0;0;0;0;1;0;0;491;491;2;124.5238095
1631;91;34;25;20;11;35;3.1818;21;17;4;0;11;6;0.5455;0;0;0;0;0;0;90.93939524
1636;2;1;0;1;1;2;2;2;2;0;0;0;0;0;0;0;0;0;0;4;78.71428571
1637;0;0;0;0;27;78;2.8889;17;14;3;0;28;5;0.1786;5;-1;-0.2;2615;523;49;238.2317857
1648;0;0;0;0;6;3;0.5;4;4;0;0;0;0;0;0;0;0;0;0;21;80.30952381
1663;4;0;3;1;2;6;3;2;2;0;0;0;0;0;0;0;0;0;0;6;80.57142857
1665;98;5;58;9;1;1;1;3;3;0;0;0;0;0;1;1;1;43;43;6;92.33333333
1669;0;0;0;0;1;2;2;37;23;11;3;24;0;0;44;50;1.1364;84527;1921.0682;54;4208.057362
1671;0;0;0;0;21;86;4.0952;23;14;9;0;12;7;0.5833;1;0;0;2090;2090;26;288.3180238
1673;4;2;1;1;3;3;1;13;12;1;0;42;0;0;12;-3;-0.25;9072;756;28;553.3690476
1674;93;22;46;14;1;0;0;2;2;0;0;4;0;0;2;0;0;1409;704.5;12;189.7857143
1677;2;1;0;0;5;4;0.8;4;4;0;0;3;0;0;2;0;0;2032;1016;14;226.8952381
1678;28;14;10;3;1;0;0;0;0;0;0;0;0;0;0;0;0;0;0;1;82.61904762
1681;0;0;0;0;2;3;1.5;8;8;0;0;10;1;0.1;3;0;0;541;180.3333;3;116.2825381
1683;0;0;0;0;31;246;7.9355;52;26;26;0;50;6;0.12;16;47;2.9375;34511;2156.9375;88;1854.758595
1685;11;7;1;1;1;0;0;9;8;1;0;9;0;0;7;5;0.7143;6545;935;14;439.9863952
1688;1;1;0;0;1;1;1;1;1;0;0;0;0;0;0;0;0;0;0;3;80.85714286
1729;0;0;0;0;36;95;2.6389;23;12;10;1;40;3;0.075;2;4;2;5215;2607.5;47;468.0578048
1734;1;1;0;0;1;1;1;3;3;0;0;5;0;0;1;0;0;67;67;2;89.85714286
1739;4;3;0;1;2;73;36.5;29;17;10;2;7;3;0.4286;4;61;15.25;82224;20556;14;4990.532314
1747;23;8;10;4;37;114;3.0811;30;15;14;1;43;16;0.3721;3;30;10;19035;6345;55;1311.59301
1749;62;27;18;17;3;7;2.3333;14;10;4;0;20;6;0.3;7;12;1.7143;21540;3077.1429;31;1267.070976
1750;51;31;7;2;329;2837;8.6231;166;89;69;8;150;43;0.2867;5;48;9.6;56810;11362;312;3527.976657
1751;0;0;0;0;13;25;1.9231;32;19;11;2;64;13;0.2031;17;68;4;71565;4209.7059;62;3707.515814
1757;0;0;0;0;1;0;0;0;0;0;0;0;0;0;0;0;0;0;0;5;83.95238095
1761;52;24;15;8;17;82;4.8235;51;28;20;3;53;12;0.2264;21;74;3.5238;81576;3884.5714;62;4178.673576
1763;3;2;0;0;5;2;0.4;1;1;0;0;2;0;0;0;0;0;0;0;8;85.11428571
1775;2;1;0;0;1;0;0;3;3;0;0;3;0;0;1;1;1;89;89;5;94
1777;0;0;0;0;16;13;0.8125;14;12;2;0;20;2;0.1;2;1;0.5;178;89;33;102.8767857
1779;0;0;0;0;1;0;0;0;0;0;0;0;0;0;1;0;0;14;14;7;86.47619048
1781;2;1;0;0;2;4;2;3;3;0;0;0;0;0;1;1;1;506;506;12;134.5238095
1788;0;0;0;0;1;1;1;5;5;0;0;6;1;0.1667;2;1;0.5;553;276.5;7;126.1031762
1789;4;2;1;1;14;10;0.7143;14;10;3;1;5;1;0.2;2;3;1.5;876;438;26;152.495919
1791;2;1;0;1;1;0;0;23;16;6;1;21;2;0.0952;18;64;3.5556;22549;1252.7222;51;1228.732048
1794;4;1;2;1;2;3;1.5;5;5;0;0;2;0;0;2;2;1;1796;898;9;215.6428571
1799;24;17;0;6;1;0;0;1;1;0;0;0;0;0;0;0;0;0;0;5;88.28571429
1815;3;2;0;0;1;1;1;9;7;2;0;5;0;0;4;12;3;5863;1465.75;14;438.4642857
1816;96;47;34;8;84;156;1.8571;29;14;15;0;91;16;0.1758;1;7;7;5756;5756;91;667.9063286
1819;11;4;3;3;5;1;0.2;2;2;0;0;7;0;0;3;0;0;359;119.6667;11;111.8984143
1821;7;3;2;2;7;0;0;10;8;2;0;4;0;0;3;0;0;951;317;16;150.1428571
1826;9;2;4;1;3;4;1.3333;6;6;0;0;2;0;0;1;1;1;76;76;11;96.6825381
1829;0;0;0;0;122;36;0.2951;26;20;6;0;289;30;0.1038;11;3;0.2727;11816;1074.1818;88;730.993019
1830;0;0;0;0;1;0;0;1;1;0;0;5;0;0;1;2;2;249;249;5;111.7142857
1834;0;0;0;0;1;1;1;2;2;0;0;0;0;0;0;0;0;0;0;2;87.76190476
1838;0;0;0;0;13;23;1.7692;14;12;2;0;20;8;0.4;7;8;1.1429;7208;1029.7143;47;487.2869714
1845;0;0;0;0;6;16;2.6667;14;9;5;0;2;0;0;3;9;3;5910;1970;21;467.4127
1864;1;1;0;0;1;2;2;5;5;0;0;1;0;0;1;1;1;585;585;1;145.5238095
1872;40;16;14;0;1;2;2;1;1;0;0;0;0;0;0;0;0;0;0;1;92.85714286
1877;19;10;3;3;1;0;0;2;2;0;0;2;0;0;1;0;0;1997;1997;2;281.7142857
1878;0;0;0;0;77;151;1.961;21;11;10;0;81;14;0.1728;0;0;0;0;0;120;112.625419
1883;25;8;9;3;8;7;0.875;6;6;0;0;6;2;0.3333;1;3;3;353;353;17;128.2956333
1885;3;2;0;1;2;2;1;6;6;0;0;4;0;0;2;2;1;558;279;11;131.6666667
1886;3;2;0;0;5;29;5.8;17;11;5;1;21;27;1.2857;2;20;10;11691;5845.5;19;933.4088429
1902;1;0;0;1;1;0;0;1;1;0;0;0;0;0;0;0;0;0;0;2;90.9047619
1906;0;0;0;0;1;4;4;4;4;0;0;1;0;0;1;3;3;879;879;4;175.8571429
1908;3;1;1;1;2;2;1;7;5;2;0;0;0;0;2;4;2;3339;1669.5;15;331.6428571
1916;0;0;0;0;4;77;19.25;23;15;8;0;30;7;0.2333;1;2;2;1049;1049;13;200.7373
1917;0;0;0;0;7;2;0.2857;2;2;0;0;9;1;0.1111;0;0;0;0;0;19;93.30460952
1918;21;8;7;3;61;382;6.2623;105;64;36;5;170;47;0.2765;33;130;3.9394;92031;2788.8182;119;4663.776019
1923;0;0;0;0;122;519;4.2541;74;32;41;1;66;69;1.0455;2;1;0.5;1257;628.5;192;234.9190286
1927;0;0;0;0;51;317;6.2157;84;50;30;4;171;28;0.1637;48;199;4.1458;168679;3514.1458;131;8344.936714
1951;0;0;0;0;1;0;0;1;1;0;0;0;0;0;0;0;0;0;0;1;93.0952381
1953;0;0;0;0;1;0;0;5;5;0;0;6;0;0;1;-2;-2;37;37;3;97.33333333
1956;17;10;1;2;1;-2;-2;0;0;0;0;0;0;0;0;0;0;0;0;3;94.57142857
1957;0;0;0;0;2;0;0;6;6;0;0;7;1;0.1429;5;4;0.8;724;144.8;14;136.7496619
1961;11;6;4;1;1;3;3;3;3;0;0;0;0;0;0;0;0;0;0;4;95.23809524
1969;0;0;0;0;1;0;0;0;0;0;0;0;0;0;0;0;0;0;0;3;93.95238095
1972;88;31;31;25;1;2;2;1;1;0;0;0;0;0;1;0;0;89;89;5;111.3333333
1991;0;0;0;0;6;1;0.1667;10;9;1;0;2;0;0;2;1;0.5;2794;1397;17;296.7460333
1992;0;0;0;0;1;0;0;4;3;1;0;0;0;0;1;4;4;2809;2809;4;363.4285714
1993;0;0;0;0;3;0;0;7;7;0;0;4;0;0;9;2;0.2222;648;72;13;131.3439143
1997;4;3;0;1;1;0;0;1;1;0;0;0;0;0;0;0;0;0;0;3;95.76190476
2011;0;0;0;0;1;-2;-2;0;0;0;0;0;0;0;0;0;0;0;0;3;95.76190476
2015;0;0;0;0;70;72;1.0286;46;29;15;2;127;26;0.2047;13;27;2.0769;18971;1459.3077;70;1092.648471
2016;0;0;0;0;1;0;0;0;0;0;0;0;0;0;0;0;0;0;0;3;96.19047619
2022;4;3;0;0;174;306;1.7586;74;45;25;4;401;131;0.3267;30;159;5.3;104981;3499.3667;201;5336.512
2026;0;0;0;0;1;0;0;3;3;0;0;4;0;0;2;3;1.5;1531;765.5;7;207
2032;8;1;5;2;1;1;1;1;1;0;0;0;0;0;0;0;0;0;0;1;97.80952381
2040;0;0;0;0;1;13;13;3;2;1;0;0;0;0;0;0;0;0;0;5;98.95238095
2041;0;0;0;0;3;1;0.3333;11;10;1;0;14;0;0;13;1;0.0769;10051;773.1538;25;616.4078095
2057;0;0;0;0;1;0;0;1;1;0;0;0;0;0;0;0;0;0;0;3;98.23809524
2059;1;1;0;0;2;0;0;4;4;0;0;21;0;0;5;-2;-0.4;552;110.4;9;131.7142857
2063;0;0;0;0;2;0;0;1;1;0;0;0;0;0;0;0;0;0;0;7;98.76190476
2068;92;26;39;5;55;141;2.5636;20;11;9;0;36;17;0.4722;0;0;0;0;0;92;124.4778952
2074;0;0;0;0;2;1;0.5;7;7;0;0;25;0;0;15;6;0.4;6505;433.6667;25;433.4079381
2077;8;5;0;2;11;10;0.9091;17;14;3;0;23;2;0.087;10;11;1.1;4479;447.9;42;341.1426714
2078;18;8;9;1;7;4;0.5714;6;5;1;0;2;1;0.5;0;0;0;0;0;18;102.8129238
2091;1;1;0;0;23;13;0.5652;15;12;3;0;64;16;0.25;17;11;0.6471;3175;186.7647;77;271.7727143
2097;0;0;0;0;10;9;0.9;5;5;0;0;8;0;0;0;0;0;0;0;15;102.3761905
2099;1;0;0;0;1;6;6;7;7;0;0;9;0;0;1;2;2;507;507;5;150.4761905
2109;0;0;0;0;1;0;0;0;0;0;0;0;0;0;0;0;0;0;0;3;100.6190476
2119;8;5;0;0;1;1;1;2;2;0;0;0;0;0;0;0;0;0;0;5;102.0952381
2120;0;0;0;0;12;3;0.25;8;8;0;0;38;2;0.0526;7;-15;-2.1429;1358;194;14;178.4361762
2121;2;1;0;1;1;-4;-4;3;3;0;0;4;0;0;1;0;0;45;45;5;105.9047619
2124;0;0;0;0;7;1;0.1429;13;12;1;0;18;0;0;12;3;0.25;16525;1377.0833;21;957.8322
2127;2;2;0;0;1;0;0;1;1;0;0;0;0;0;0;0;0;0;0;2;101.7142857
2128;7;4;1;2;9;10;1.1111;3;3;0;0;3;1;0.3333;0;0;0;0;0;12;104.0211619
2131;0;0;0;0;8;2;0.25;3;3;0;0;1;1;1;0;0;0;0;0;15;103.1071429
2143;0;0;0;0;254;427;1.6811;74;44;29;1;526;306;0.5817;18;46;2.5556;13853;769.6111;350;897.4014048
2146;2;1;0;1;11;14;1.2727;21;18;3;0;36;7;0.1944;14;15;1.0714;12566;897.5714;39;752.1004714
2158;2;1;0;0;1;2;2;2;2;0;0;0;0;0;0;0;0;0;0;3;103.4761905
2167;0;0;0;0;2;8;4;3;2;1;0;0;0;0;0;0;0;0;0;5;104.3809524
2169;9;5;1;2;1;0;0;1;1;0;0;0;0;0;0;0;0;0;0;1;104.2857143
2175;7;0;6;1;3;6;2;10;10;0;0;1;0;0;3;5;1.6667;2858;952.6667;8;288.0634952
2184;1;1;0;0;21;18;0.8571;12;10;2;0;12;4;0.3333;1;0;0;1484;1484;38;251.1043048
2189;10;3;3;3;9;65;7.2222;42;29;12;1;17;0;0;23;63;2.7391;114950;4997.8261;43;5831.894638
2198;0;0;0;0;15;18;1.2;15;13;2;0;9;0;0;3;6;2;1090;363.3333;30;179.3111095
2202;0;0;0;0;1;0;0;1;1;0;0;4;0;0;3;0;0;1870;623.3333;10;224.539681
2204;11;6;2;3;1;0;0;0;0;0;0;0;0;0;0;0;0;0;0;1;106.0952381
2205;37;17;7;2;9;5;0.5556;8;6;2;0;6;1;0.1667;3;8;2.6667;3375;1125;23;325.8280476
2215;0;0;0;0;1;0;0;0;0;0;0;0;0;0;0;0;0;0;0;2;105.6190476
2232;0;0;0;0;2;15;7.5;5;4;1;0;1;0;0;1;-2;-2;94;94;4;116.9761905
2235;2;1;0;0;14;17;1.2143;20;15;5;0;10;0;0;5;2;0.4;5842;1168.4;29;446.0483
2238;4;3;0;1;1;1;1;1;1;0;0;0;0;0;0;0;0;0;0;2;107.2857143
2239;0;0;0;0;2;-1;-0.5;9;9;0;0;17;0;0;11;4;0.3636;9123;829.3636;22;584.010819
2242;0;0;0;0;4;4;1;2;2;0;0;0;0;0;0;0;0;0;0;7;107.7142857
2245;27;9;10;8;10;10;1;4;4;0;0;1;0;0;1;0;0;36;36;17;115.1904762
2254;11;5;1;2;1;0;0;0;0;0;0;0;0;0;0;0;0;0;0;3;108.4285714
2259;48;9;27;12;26;30;1.1538;34;24;9;1;50;8;0.16;16;32;2;21385;1336.5625;74;1208.756014
2261;0;0;0;0;11;13;1.1818;3;3;0;0;2;1;0.5;0;0;0;0;0;14;109.9848476
2265;0;0;0;0;5;0;0;7;7;0;0;10;1;0.1;8;-1;-0.125;1895;236.875;20;212.0880952
2276;0;0;0;0;68;37;0.5441;30;15;14;1;38;4;0.1053;0;0;0;0;0;62;121.2214
2280;8;1;5;2;1;1;1;11;10;1;0;5;0;0;3;6;2;7200;2400;9;568.8571429
2289;0;0;0;0;1;4;4;5;5;0;0;0;0;0;1;1;1;2213;2213;4;321
2291;1;1;0;0;1;0;0;7;7;0;0;30;0;0;5;1;0.2;1677;335.4;13;208.0761905
2301;3;1;1;1;1;0;0;7;7;0;0;8;0;0;6;-4;-0.6667;3243;540.5;13;291.8015857
2305;17;2;7;0;3;13;4.3333;5;5;0;0;3;0;0;5;0;0;1125;225;19;178.0158714
2306;0;0;0;0;3;15;5;97;53;37;7;198;10;0.0505;239;544;2.2762;550244;2302.2762;95;26483.69538
2308;0;0;0;0;1;0;0;2;2;0;0;0;0;0;0;0;0;0;0;4;110.3333333
2309;6;5;0;0;107;325;3.0374;53;27;25;1;84;52;0.619;2;5;2.5;2501;1250.5;138;328.4122095
2310;11;3;4;3;11;10;0.9091;10;9;1;0;29;1;0.0345;13;9;0.6923;2842;218.6154;46;263.4405381
2311;13;6;2;0;1;0;0;6;6;0;0;10;0;0;6;-1;-0.1667;2304;384;12;240.9444429
2312;1;1;0;0;1;0;0;2;2;0;0;0;0;0;1;1;1;409;409;2;149.6190476
2322;0;0;0;0;9;32;3.5556;38;23;13;2;28;7;0.25;17;106;6.2353;59700;3511.7647;31;3135.705029
2324;6;2;3;1;1;1;1;8;7;1;0;0;0;0;4;1;0.25;6019;1504.75;16;471.4285714
2326;10;5;0;1;4;128;32;18;7;9;2;0;0;0;0;0;0;0;0;10;121.5238095
2331;0;0;0;0;1;1;1;2;2;0;0;0;0;0;0;0;0;0;0;4;111.5238095
2339;0;0;0;0;1;1;1;1;1;0;0;0;0;0;0;0;0;0;0;2;111.7142857
2340;0;0;0;0;20;10;0.5;31;22;8;1;22;0;0;19;19;1;49152;2586.9474;58;2585.2594
2345;3;3;0;0;3;23;7.6667;23;16;6;1;32;6;0.1875;11;30;2.7273;39021;3547.3636;27;2147.997386
2347;7;3;0;0;11;40;3.6364;18;13;5;0;27;0;0;15;15;1;10438;695.8667;54;652.0715762
2358;21;7;10;4;1;0;0;5;5;0;0;5;0;0;6;7;1.1667;2338;389.6667;8;245.9920667
2370;4;2;0;2;1;2;2;1;1;0;0;0;0;0;0;0;0;0;0;1;113.6190476
2378;0;0;0;0;1;0;0;0;0;0;0;0;0;0;0;0;0;0;0;1;113.3333333
2386;1;0;0;0;6;1;0.1667;10;10;0;0;8;0;0;5;1;0.2;2733;546.6;20;272.760319
2389;0;0;0;0;2;1;0.5;4;4;0;0;5;0;0;3;1;0.3333;1008;336;11;179.2777762
2395;0;0;0;0;39;227;5.8205;54;37;16;1;69;10;0.1449;17;28;1.6471;12298;723.4118;82;762.0963952
2397;2;1;0;0;12;13;1.0833;64;39;23;2;74;13;0.1757;49;302;6.1633;153979;3142.4286;79;7628.51671
2403;0;0;0;0;4;2;0.5;13;11;2;0;21;3;0.1429;32;17;0.5313;13272;414.75;29;772.6154381
2413;0;0;0;0;1;2;2;1;1;0;0;0;0;0;0;0;0;0;0;1;115.2857143
2414;0;0;0;0;1;-1;-1;0;0;0;0;0;0;0;0;0;0;0;0;3;115.047619
2416;1;1;0;0;6;4;0.6667;4;4;0;0;0;0;0;0;0;0;0;0;7;116.365081
2418;0;0;0;0;1;0;0;0;0;0;0;0;0;0;0;0;0;0;0;2;115.2857143
2422;0;0;0;0;12;87;7.25;16;8;8;0;3;1;0.3333;0;0;0;0;0;26;123.3611095
2432;1;1;0;0;1;0;0;1;1;0;0;0;0;0;1;1;1;279;279;4;142.952381
2433;0;0;0;0;24;5;0.2083;5;5;0;0;31;5;0.1613;0;0;0;0;0;20;120.3985524
2434;0;0;0;0;2;0;0;0;0;0;0;0;0;0;0;0;0;0;0;6;116.2857143
2435;0;0;0;0;9;5;0.5556;3;3;0;0;2;0;0;0;0;0;0;0;20;117.9788381
2445;6;4;1;1;5;14;2.8;18;13;3;2;10;0;0;4;22;5.5;37533;9383.25;23;2356.930952
2448;10;8;0;0;4;41;10.25;11;6;5;0;0;0;0;1;2;2;225;225;14;143.4404762
2449;0;0;0;0;1;13;13;3;2;1;0;0;0;0;0;0;0;0;0;4;118.3809524
2454;0;0;0;0;7;6;0.8571;18;16;2;0;33;0;0;23;11;0.4783;9992;434.4348;39;620.798581
2456;4;3;0;1;1;8;8;2;1;1;0;0;0;0;0;0;0;0;0;5;118.5714286
2458;1;1;0;0;1;1;1;2;2;0;0;0;0;0;0;0;0;0;0;3;117.6190476
2462;0;0;0;0;3;0;0;0;0;0;0;0;0;0;0;0;0;0;0;10;117.8571429
2478;10;4;3;3;4;1;0.25;6;6;0;0;16;0;0;7;10;1.4286;2954;422;15;282.8894571
2488;0;0;0;0;1;0;0;0;0;0;0;0;0;0;0;0;0;0;0;4;118.7142857
2494;3;2;0;1;1;0;0;0;0;0;0;0;0;0;0;0;0;0;0;3;119.2380952
2502;9;2;3;4;1;-1;-1;1;1;0;0;0;0;0;0;0;0;0;0;3;120.1904762
2506;0;0;0;0;1;0;0;3;3;0;0;0;0;0;0;0;0;0;0;5;119.9047619
2509;2;2;0;0;1;4;4;1;1;0;0;0;0;0;0;0;0;0;0;2;120.2857143
2510;0;0;0;0;1;0;0;19;13;4;2;21;0;0;16;19;1.1875;67849;4240.5625;43;3558.988095
2511;0;0;0;0;1;1;1;12;12;0;0;11;0;0;11;5;0.4545;6057;550.6364;14;437.480519
2513;0;0;0;0;3;0;0;27;20;7;0;49;16;0.3265;11;21;1.9091;25391;2308.2727;22;1447.167062
2522;90;23;40;24;1;1;1;8;8;0;0;13;0;0;8;-3;-0.375;5614;701.75;19;431.922619
2523;1;1;0;0;1;1;1;1;1;0;0;1;0;0;1;0;0;505;505;4;168.8571429
2528;0;0;0;0;11;3;0.2727;4;4;0;0;9;0;0;2;0;0;93;46.5;21;129.6082238
2537;2;0;1;1;22;19;0.8636;27;20;7;0;82;8;0.0976;30;31;1.0333;14881;496.0333;58;867.8108476
2540;0;0;0;0;1;1;1;4;4;0;0;0;0;0;0;0;0;0;0;3;121.6190476
2541;3;2;0;0;9;3;0.3333;8;8;0;0;14;2;0.1429;9;4;0.4444;1719;191;41;216.900981
2558;0;0;0;0;21;29;1.381;40;31;8;1;86;14;0.1628;20;40;2;22868;1143.4;74;1282.71161
2561;0;0;0;0;1;0;0;0;0;0;0;0;0;0;0;0;0;0;0;3;122.1428571
2577;7;4;1;2;2;1;0.5;4;4;0;0;2;0;0;2;0;0;1862;931;5;257.3571429
2583;5;1;2;2;1;1;1;1;1;0;0;0;0;0;0;0;0;0;0;4;123.9047619
2584;1;1;0;0;2;1;0.5;4;4;0;0;0;0;0;1;0;0;27;27;8;126.6904762
2586;0;0;0;0;1;0;0;7;6;1;0;7;0;0;4;0;0;1373;343.25;10;206.5833333
2594;74;10;21;22;2;11;5.5;4;3;1;0;0;0;0;0;0;0;0;0;7;131.1666667
2603;0;0;0;0;2;0;0;10;10;0;0;4;0;0;6;5;0.8333;2548;424.6667;13;267.9285714
2605;0;0;0;0;1;1;1;5;5;0;0;2;0;0;2;3;1.5;529;264.5;10;163.3333333
2607;1;1;0;0;3;0;0;2;2;0;0;0;0;0;0;0;0;0;0;6;124.8571429
2610;0;0;0;0;2;0;0;8;8;0;0;12;0;0;10;-2;-0.2;1259;125.9;23;193.1285714
2611;1;0;0;0;9;2;0.2222;11;11;0;0;19;1;0.0526;15;6;0.4;6811;454.0667;33;475.463881
2625;2;2;0;0;1;0;0;1;1;0;0;9;0;0;3;0;0;223;74.3333;6;140.3492048
2628;1;1;0;0;3;3;1;3;3;0;0;0;0;0;1;0;0;66;66;7;132.5238095
2633;0;0;0;0;3;2;0.6667;5;5;0;0;47;36;0.766;1;0;0;133;133;10;143.306319
2634;0;0;0;0;1;-1;-1;1;1;0;0;4;0;0;1;0;0;89;89;7;134.5238095
2638;0;0;0;0;3;2;0.6667;10;10;0;0;8;0;0;6;-3;-0.5;2255;375.8333;23;253.7142857
2646;3;2;0;0;1;0;0;0;0;0;0;0;0;0;0;0;0;0;0;3;126.4285714
2657;0;0;0;0;6;3;0.5;2;2;0;0;1;0;0;0;0;0;0;0;16;127.9761905
2671;0;0;0;0;7;3;0.4286;17;12;4;1;15;3;0.2;6;41;6.8333;111102;18517;25;6306.26009
2672;2;2;0;0;17;25;1.4706;8;5;3;0;19;8;0.4211;0;0;0;0;0;29;132.9472238
2675;5;1;3;1;1;0;0;0;0;0;0;0;0;0;0;0;0;0;0;5;128.1428571
2677;5;3;0;1;1;1;1;1;1;0;0;0;0;0;0;0;0;0;0;3;128.2857143
2699;38;15;12;3;1;1;1;1;1;0;0;2;0;0;1;0;0;47;47;9;137.047619
2708;0;0;0;0;6;3;0.5;8;8;0;0;7;0;0;4;1;0.25;3114;778.5;21;317.1071429
2710;0;0;0;0;1;1;1;1;1;0;0;0;0;0;0;0;0;0;0;2;129.3809524
2718;2;1;0;1;1;0;0;0;0;0;0;0;0;0;0;0;0;0;0;3;129.8095238
2720;0;0;0;0;1;6;6;10;7;3;0;2;0;0;1;31;31;1618;1618;7;288.6190476
2721;1;0;0;1;1;0;0;0;0;0;0;0;0;0;0;0;0;0;0;5;129.952381
2724;0;0;0;0;1;0;0;0;0;0;0;0;0;0;0;0;0;0;0;4;129.952381
2725;0;0;0;0;1;1;1;1;1;0;0;0;0;0;0;0;0;0;0;4;130.1904762
2726;0;0;0;0;6;0;0;12;10;2;0;13;0;0;8;3;0.375;13687;1710.875;16;866.3928571
2741;79;24;31;22;1;0;0;3;3;0;0;2;1;0.5;3;2;0.6667;1057;352.3333;11;206.3571429
2751;2;1;0;1;9;1;0.1111;50;30;17;3;54;4;0.0741;30;105;3.5;133040;4434.6667;52;6694.683424
2753;5;3;1;0;3;12;4;11;9;2;0;4;2;0.5;2;4;2;1481;740.5;15;240.6666667
2755;0;0;0;0;1;0;0;1;1;0;0;3;0;0;1;0;0;204;204;4;151.1428571
2762;0;0;0;0;1;0;0;4;4;0;0;0;0;0;0;0;0;0;0;2;132.047619
2765;0;0;0;0;5;1;0.2;13;8;3;2;3;0;0;3;25;8.3333;90777;30259;13;5899.31111
2768;0;0;0;0;1;0;0;3;3;0;0;5;0;0;4;2;0.5;406;101.5;10;157.3333333
2773;0;0;0;0;1;2;2;8;8;0;0;4;2;0.5;3;4;1.3333;1761;587;11;246.0873
2776;94;14;52;28;14;0;0;6;6;0;0;3;0;0;1;1;1;104;104;25;153.7619048
2787;43;26;5;3;1;0;0;11;9;1;1;14;2;0.1429;5;1;0.2;15268;3053.6;11;1011.52109
2793;0;0;0;0;14;13;0.9286;17;12;4;1;21;6;0.2857;2;20;10;34648;17324;26;2614.867348
2794;75;25;32;13;3;7;2.3333;2;2;0;0;1;0;0;0;0;0;0;0;13;141.3968238
2795;3;2;0;0;1;1;1;5;5;0;0;5;0;0;2;2;1;309;154.5;7;156.8333333
2800;88;57;5;7;3;18;6;12;9;3;0;6;3;0.5;3;14;4.6667;1775;591.6667;21;258.4206381
2803;1;1;0;0;1;1;1;3;3;0;0;1;0;0;0;0;0;0;0;2;134.1428571
2804;0;0;0;0;48;102;2.125;65;43;20;2;123;37;0.3008;17;69;4.0588;64142;3773.0588;96;3397.502067
2808;8;2;3;3;1;0;0;0;0;0;0;0;0;0;0;0;0;0;0;3;134.6666667
2816;1;0;1;0;8;94;11.75;25;14;11;0;3;2;0.6667;1;2;2;1561;1561;25;292.3531762
2829;35;16;7;7;172;452;2.6279;50;30;20;0;118;56;0.4746;0;0;0;0;0;121;186.4810714
2839;6;3;1;2;1;1;1;2;2;0;0;0;0;0;0;0;0;0;0;2;136.1904762
2847;0;0;0;0;3;12;4;6;5;1;0;3;0;0;0;0;0;0;0;7;137.5238095
2852;0;0;0;0;1;1;1;1;1;0;0;0;0;0;0;0;0;0;0;1;136.0952381
2856;0;0;0;0;2;67;33.5;12;5;6;1;0;0;0;0;0;0;0;0;6;142.3095238
2865;8;4;3;1;84;434;5.1667;63;33;30;0;70;18;0.2571;11;8;0.7273;5768;524.3636;152;480.1197476
2867;5;3;1;1;6;5;0.8333;8;8;0;0;3;0;0;5;4;0.8;2651;530.2;24;291.5634905
2868;59;28;17;10;1;3;3;3;3;0;0;0;0;0;0;0;0;0;0;3;142.7619048
2873;0;0;0;0;3;13;4.3333;3;1;2;0;0;0;0;0;0;0;0;0;7;138.3968238
2888;5;2;1;0;1;0;0;8;8;0;0;9;0;0;16;10;0.625;6193;387.0625;25;454.9375
2889;1;1;0;0;2;3;1.5;14;13;1;0;5;0;0;4;5;1.25;7177;1794.25;12;567.8095238
2892;0;0;0;0;3;2;0.6667;6;5;1;0;7;0;0;2;0;0;72;36;14;144.7936524
2894;2;1;0;1;3;0;0;4;4;0;0;2;0;0;1;0;0;56;56;11;144.5238095
2911;0;0;0;0;7;3;0.4286;9;7;1;1;9;2;0.2222;2;9;4.5;10456;5228;14;888.7690857
2912;5;1;3;1;1;16;16;3;3;0;0;0;0;0;0;0;0;0;0;4;141.1904762
2923;7;5;1;1;1;-2;-2;19;13;4;2;35;1;0.0286;19;5;0.2632;62880;3309.4737;7;3296.607881
2928;0;0;0;0;1;1;1;1;1;0;0;0;0;0;0;0;0;0;0;3;139.8095238
2929;0;0;0;0;6;1;0.1667;4;4;0;0;5;0;0;2;0;0;68;34;15;146.1031762
2932;4;1;0;0;1;0;0;1;1;0;0;1;0;0;0;0;0;0;0;2;140.1428571
2934;0;0;0;0;60;123;2.05;62;43;18;1;142;34;0.2394;21;26;1.2381;50347;2397.4762;96;2681.33351
2938;8;5;1;1;2;4;2;2;2;0;0;0;0;0;0;0;0;0;0;6;141.4761905
2954;2;1;0;0;1;9;9;3;2;1;0;0;0;0;0;0;0;0;0;1;142.047619
2973;49;15;16;17;372;652;1.7527;96;61;33;2;460;80;0.1739;128;242;1.8906;57575;449.8047;323;3026.077233
2975;5;2;1;2;1;0;0;0;0;0;0;1;0;0;1;0;0;36;36;3;145.8571429
2977;1;1;0;0;1;0;0;2;2;0;0;0;0;0;1;0;0;499;499;5;189.9047619
2978;0;0;0;0;4;-2;-0.5;1;1;0;0;0;0;0;0;0;0;0;0;13;142.5952381
2982;1;1;0;0;4;2;0.5;7;7;0;0;1;0;0;2;1;0.5;73;36.5;8;148.8809524
2990;0;0;0;0;1;2;2;1;1;0;0;0;0;0;0;0;0;0;0;2;142.8095238
2993;0;0;0;0;1;0;0;6;6;0;0;15;1;0.0667;5;2;0.4;673;134.6;11;183.2412714
3001;0;0;0;0;3;1;0.3333;7;7;0;0;9;0;0;7;2;0.2857;2909;415.5714;23;304.0566857
3007;16;8;5;1;3;0;0;2;2;0;0;0;0;0;0;0;0;0;0;7;145.2857143
3012;4;2;1;1;1;0;0;4;4;0;0;9;2;0.2222;2;3;1.5;145;72.5;10;155.9153429
3013;89;30;24;27;3;1;0.3333;17;13;4;0;14;0;0;9;11;1.2222;25267;2807.4444;18;1492.809519
3038;1;0;0;0;1;1;1;1;1;0;0;0;0;0;0;0;0;0;0;2;145.047619
3042;88;58;20;7;5;11;2.2;30;21;8;1;22;3;0.1364;19;60;3.1579;46960;2471.5789;41;2517.76539
3051;25;7;5;0;3;3;1;5;5;0;0;0;0;0;0;0;0;0;0;0;147.8571429
3065;0;0;0;0;1;9;9;4;3;1;0;0;0;0;0;0;0;0;0;2;147.3333333
3070;36;11;13;1;7;76;10.8571;28;17;11;0;11;4;0.3636;4;15;3.75;14847;3711.75;27;1043.081938
3072;0;0;0;0;37;100;2.7027;25;15;10;0;64;9;0.1406;0;0;0;0;0;62;161.7544429
3076;0;0;0;0;2;4;2;1;1;0;0;0;0;0;0;0;0;0;0;4;147.1428571
3080;0;0;0;0;1;0;0;0;0;0;0;0;0;0;0;0;0;0;0;0;146.7142857
3084;0;0;0;0;1;0;0;0;0;0;0;0;0;0;0;0;0;0;0;2;147
3090;0;0;0;0;1;0;0;2;2;0;0;3;0;0;2;-2;-1;363;181.5;3;173.547619
3091;59;9;18;27;1;0;0;3;3;0;0;1;0;0;1;0;0;1466;1466;5;292.8571429
3098;1;1;0;0;1;1;1;8;6;1;1;0;0;0;3;3;1;11262;3754;4;864.0952381
3111;0;0;0;0;2;0;0;5;5;0;0;0;0;0;2;1;0.5;495;247.5;19;185.1428571
3122;0;0;0;0;1;-1;-1;0;0;0;0;0;0;0;0;0;0;0;0;5;148.8571429
3144;4;2;0;0;63;317;5.0317;100;55;37;8;84;23;0.2738;73;670;9.1781;474138;6495.0411;162;23113.78689
3145;0;0;0;0;1;0;0;6;6;0;0;0;0;0;1;2;2;854;854;5;232.1904762
3146;75;20;39;14;6;12;2;20;16;4;0;13;1;0.0769;7;18;2.5714;20896;2985.1429;24;1300.037676
3155;3;2;0;1;390;347;0.8897;33;23;9;1;1049;399;0.3804;2;1;0.5;89;44.5;133;270.6319095
3164;0;0;0;0;4;3;0.75;21;14;5;2;13;2;0.1538;18;26;1.4444;40543;2252.3889;34;2195.416052
3171;5;4;0;1;1;0;0;3;3;0;0;0;0;0;1;0;0;134;134;5;164.8571429
3174;1;1;0;0;13;29;2.2308;14;10;4;0;15;2;0.1333;15;4;0.2667;1618;107.8667;37;240.3570238
3177;2;1;0;0;1;1;1;2;2;0;0;0;0;0;0;0;0;0;0;3;151.9047619
3186;4;3;0;1;77;101;1.3117;40;23;16;1;150;44;0.2933;2;4;2;2949;1474.5;136;391.1954762
3190;0;0;0;0;1;1;1;3;3;0;0;1;0;0;0;0;0;0;0;2;152.4761905
3193;0;0;0;0;1;0;0;0;0;0;0;0;0;0;0;0;0;0;0;3;152.2380952
3195;27;14;5;7;1;1;1;5;5;0;0;0;0;0;1;0;0;32;32;3;158.5238095
3200;30;9;14;7;7;5;0.7143;19;15;3;1;21;2;0.0952;27;2;0.0741;34163;1265.2963;41;1849.151424
3201;42;17;9;9;10;7;0.7;15;9;4;2;3;0;0;4;12;3;42190;10547.5;18;2671.580952
3209;0;0;0;0;9;8;0.8889;33;25;8;0;41;8;0.1951;22;41;1.8636;35307;1604.8636;44;1922.038629
3220;0;0;0;0;1;12;12;4;3;1;0;0;0;0;0;0;0;0;0;4;155.0952381
3223;21;7;3;4;4;8;2;1;1;0;0;0;0;0;0;0;0;0;0;6;156.1904762
3227;4;1;1;2;1;4;4;1;1;0;0;0;0;0;0;0;0;0;0;3;154.7142857
3230;0;0;0;0;1;9;9;1;1;0;0;1;1;1;0;0;0;0;0;1;155
3231;2;1;0;0;8;14;1.75;7;6;1;0;1;0;0;0;0;0;0;0;8;156.2261905
3232;0;0;0;0;1;0;0;0;0;0;0;0;0;0;0;0;0;0;0;2;154.047619
3233;0;0;0;0;2;1;0.5;13;11;2;0;17;2;0.1176;6;6;1;13678;2279.6667;17;917.5849667
3234;0;0;0;0;1;13;13;4;4;0;0;1;1;1;0;0;0;0;0;1;155.8571429
3243;8;4;2;1;3;2;0.6667;9;9;0;0;11;0;0;6;3;0.5;1258;209.6667;17;227.9444476
3249;1;1;0;0;1;0;0;1;1;0;0;0;0;0;0;0;0;0;0;4;155.1428571
3259;3;2;0;0;1;0;0;2;2;0;0;0;0;0;0;0;0;0;0;3;155.8095238
3265;0;0;0;0;2;0;0;3;3;0;0;0;0;0;1;0;0;501;501;5;203.8571429
3275;0;0;0;0;2;0;0;3;3;0;0;0;0;0;1;0;0;2002;2002;6;347.3333333
3290;0;0;0;0;32;34;1.0625;9;5;4;0;16;5;0.3125;0;0;0;0;0;23;162.827381
3296;0;0;0;0;19;38;2;32;18;13;1;33;4;0.1212;14;62;4.4286;78646;5617.5714;48;4183.243867
3297;0;0;0;0;1;0;0;7;7;0;0;7;0;0;6;4;0.6667;411;68.5;15;182.1031762
3302;3;2;0;0;3;-1;-0.3333;1;1;0;0;0;0;0;0;0;0;0;0;2;157.7460333
3306;1;1;0;0;1;0;0;0;0;0;0;0;0;0;0;0;0;0;0;4;157.7619048
3308;0;0;0;0;1;0;0;0;0;0;0;0;0;0;0;0;0;0;0;4;157.7619048
3317;0;0;0;0;1;1;1;41;21;16;4;43;1;0.0233;23;98;4.2609;417505;18152.3913;16;20916.41312
3322;1;0;0;0;15;16;1.0667;36;27;9;0;66;11;0.1667;33;37;1.1212;22788;690.5455;68;1291.519052
3328;0;0;0;0;1;0;0;0;0;0;0;0;0;0;0;0;0;0;0;3;158.6666667
3330;0;0;0;0;12;8;0.6667;20;16;4;0;23;1;0.0435;19;15;0.7895;24491;1289;27;1393.166652
3331;2;1;0;1;1;1;1;1;1;0;0;0;0;0;0;0;0;0;0;2;159.1428571
3332;0;0;0;0;1;1;1;1;1;0;0;0;0;0;0;0;0;0;0;5;159.1428571
3338;2;1;0;0;1;6;6;3;2;1;0;0;0;0;0;0;0;0;0;1;160.047619
3344;0;0;0;0;1;1;1;2;2;0;0;6;0;0;2;0;0;414;207;10;190
3345;0;0;0;0;1;0;0;1;1;0;0;0;0;0;0;0;0;0;0;4;159.6190476
3352;2;0;1;1;8;28;3.5;9;5;4;0;0;0;0;0;0;0;0;0;24;163.6904762
3354;0;0;0;0;2;1;0.5;1;1;0;0;0;0;0;0;0;0;0;0;8;160.3571429
3359;0;0;0;0;1;1;1;4;4;0;0;9;0;0;3;0;0;686;228.6667;9;205.0317476
3368;0;0;0;0;4;-1;-0.25;8;8;0;0;7;0;0;3;4;1.3333;985;328.3333;17;225.3531714
3373;0;0;0;0;1;0;0;13;10;2;1;38;1;0.0263;17;9;0.5294;27810;1635.8824;17;1568.020862
3374;0;0;0;0;1;14;14;4;4;0;0;0;0;0;0;0;0;0;0;1;162.4761905
3375;4;3;0;1;3;0;0;4;4;0;0;5;0;0;5;2;0.4;996;199.2;12;219.6952381
3384;3;3;0;0;3;2;0.6667;4;4;0;0;2;0;0;1;0;0;368;368;10;197.7460333
3385;9;1;4;3;1;0;0;2;2;0;0;1;0;0;0;0;0;0;0;3;162.4285714
3391;0;0;0;0;1;2;2;4;4;0;0;1;0;0;1;3;3;650;650;3;224.5238095
3399;0;0;0;0;1;1;1;2;2;0;0;0;0;0;1;1;1;408;408;3;201.3333333
3413;13;7;4;2;6;8;1.3333;3;3;0;0;1;0;0;0;0;0;0;0;4;165.0158714
3422;0;0;0;0;1;-1;-1;0;0;0;0;0;0;0;0;0;0;0;0;2;163
3435;2;1;0;0;1;0;0;0;0;0;0;1;0;0;0;0;0;0;0;2;163.9047619
3436;0;0;0;0;7;9;1.2857;8;8;0;0;14;7;0.5;7;2;0.2857;2273;324.7143;19;291.2755095
3442;4;3;0;1;2;0;0;12;9;2;1;5;0;0;9;-1;-0.1111;15774;1752.6667;35;1002.40741
3446;0;0;0;0;5;4;0.8;16;14;2;0;40;2;0.05;60;34;0.5667;3555;59.25;28;346.0317476
3453;0;0;0;0;1;0;0;6;6;0;0;3;1;0.3333;6;5;0.8333;1759;293.1667;22;264.5873
3463;6;4;0;0;19;32;1.6842;36;21;13;2;12;6;0.5;10;79;7.9;52597;5259.7;54;2934.465914
3465;1;1;0;0;1;1;1;4;4;0;0;1;0;0;1;2;2;407;407;3;204.8095238
3469;7;5;0;2;1;0;0;6;6;0;0;10;0;0;3;-2;-0.6667;1902;634;11;288.2539667
3488;0;0;0;0;1;0;0;6;6;0;0;3;0;0;6;2;0.3333;312;52;19;185.4920619
3509;0;0;0;0;63;76;1.2063;29;18;10;1;54;5;0.0926;8;13;1.625;2463;307.875;72;315.7999476
3512;4;3;0;0;1;2;2;26;15;9;2;3;0;0;12;55;4.5833;109665;9138.75;12;5831.730157
3538;1;1;0;0;1;2;2;1;1;0;0;2;0;0;0;0;0;0;0;1;169.047619
3539;0;0;0;0;26;59;2.2692;30;21;9;0;62;7;0.1129;5;-2;-0.4;1506;301.2;41;266.9610524
3544;1;1;0;0;1;1;1;1;1;0;0;2;1;0.5;1;0;0;47;47;3;173.9285714
3546;1;1;0;0;2;0;0;2;2;0;0;1;0;0;1;0;0;598;598;8;226.6666667
3548;92;16;32;3;1;1;1;4;4;0;0;0;0;0;1;2;2;489;489;7;223.4285714
3550;0;0;0;0;8;45;5.625;27;19;8;0;20;26;1.3;8;16;2;17738;2217.25;27;1129.436905
3553;85;26;44;2;8;14;1.75;44;25;17;2;29;2;0.069;26;130;5;179175;6891.3462;61;9054.3412
3556;3;0;2;1;4;2;0.5;4;4;0;0;0;0;0;1;0;0;38;38;11;174.5
3558;1;1;0;0;3;1;0.3333;11;11;0;0;111;1;0.009;75;6;0.08;8103;108.04;37;572.7363
3560;43;16;18;1;2;0;0;4;3;1;0;3;0;0;2;0;0;2752;1376;9;370.952381
3568;5;0;4;1;1;3;3;3;3;0;0;0;0;0;0;0;0;0;0;2;171.0952381
3577;0;0;0;0;2;0;0;3;3;0;0;0;0;0;2;3;1.5;1826;913;9;301.8809524
3578;1;1;0;0;1;3;3;10;10;0;0;0;0;0;2;5;2.5;480;240;7;206.8333333
3586;0;0;0;0;5;12;2.4;4;3;1;0;2;0;0;0;0;0;0;0;14;172.8285714
3587;0;0;0;0;5;-1;-0.2;7;6;1;0;14;0;0;7;-1;-0.1429;2555;365;30;313.0789095
3590;0;0;0;0;30;66;2.2;20;15;5;0;77;3;0.039;4;6;1.5;1202;300.5;40;255.3447143
3603;0;0;0;0;1;-1;-1;1;1;0;0;0;0;0;0;0;0;0;0;1;171.6666667
3607;0;0;0;0;1;0;0;1;1;0;0;5;0;0;1;0;0;490;490;5;219.0952381
3608;0;0;0;0;1;0;0;0;0;0;0;0;0;0;0;0;0;0;0;4;172.047619
3618;0;0;0;0;1;0;0;5;5;0;0;5;0;0;9;-2;-0.2222;1211;134.5556;16;238.2063524
3631;0;0;0;0;1;0;0;0;0;0;0;0;0;0;0;0;0;0;0;2;173.047619
3634;0;0;0;0;1;1;1;5;5;0;0;4;0;0;1;1;1;53;53;6;179.3333333
3638;3;1;1;1;1;0;0;10;8;2;0;10;0;0;6;-2;-0.3333;8896;1482.6667;15;670.1111143
3639;0;0;0;0;2;2;1;11;10;1;0;5;0;0;6;10;1.6667;6626;1104.3333;16;544.5238095
3641;0;0;0;0;1;0;0;8;7;1;0;5;0;0;4;2;0.5;4386;1096.5;14;436.4761905
3649;1;0;0;0;2;8;4;4;3;1;0;3;0;0;2;1;0.5;1076;538;11;252.547619
3654;2;0;0;0;2;0;0;11;11;0;0;11;0;0;8;6;0.75;4827;603.375;14;435.7202381
3659;1;0;0;1;1;0;0;3;3;0;0;0;0;0;1;1;1;39;39;4;178.7142857
3666;0;0;0;0;2;2;1;6;5;1;0;4;0;0;7;0;0;226;32.2857;21;189.204081
3670;11;6;2;1;1;1;1;1;1;0;0;0;0;0;0;0;0;0;0;2;176.047619
3673;2;1;0;1;3;2;0.6667;20;13;7;0;10;0;0;7;42;6;3546;506.5714;14;374.0113381
3679;0;0;0;0;1;6;6;3;3;0;0;3;0;0;1;0;0;211;211;4;196.5714286
3684;9;5;0;4;2;7;3.5;5;4;1;0;1;0;0;1;1;1;1299;1299;9;301.6904762
3685;0;0;0;0;4;1;0.25;8;8;0;0;9;0;0;5;2;0.4;3010;602;12;349.8404762
3689;0;0;0;0;1;0;0;2;2;0;0;0;0;0;0;0;0;0;0;1;175.952381
3701;3;2;0;1;1;2;2;5;5;0;0;1;0;0;2;1;0.5;1556;778;5;288.8333333
3706;0;0;0;0;1;0;0;4;4;0;0;3;0;0;2;2;1;1383;691.5;4;276.2619048
3710;11;4;0;7;1;16;16;3;2;1;0;0;0;0;0;0;0;0;0;4;179.7619048
3713;0;0;0;0;1;3;3;1;1;0;0;0;0;0;0;0;0;0;0;2;177.3333333
3718;20;17;0;1;30;73;2.4333;16;9;7;0;12;1;0.0833;2;5;2.5;1630;815;55;305.5246
3722;2;1;0;0;4;6;1.5;4;3;1;0;2;1;0.5;2;1;0.5;4613;2306.5;9;508.5714286
3725;0;0;0;0;2;0;0;2;2;0;0;3;0;0;2;0;0;216;108;6;193.6190476
3729;0;0;0;0;1;0;0;6;6;0;0;10;0;0;7;1;0.1429;830;118.5714;10;224.700681
3730;0;0;0;0;1;0;0;1;1;0;0;0;0;0;0;0;0;0;0;3;177.9047619
3738;0;0;0;0;3;1;0.3333;17;14;2;1;34;1;0.0294;20;8;0.4;22852;1142.6;21;1326.445843
3742;0;0;0;0;1;0;0;0;0;0;0;0;0;0;0;0;0;0;0;2;178.3333333
3747;0;0;0;0;1;0;0;11;11;0;0;18;1;0.0556;12;16;1.3333;10388;865.6667;20;718.6693143
3751;3;1;1;1;1;0;0;1;1;0;0;0;0;0;0;0;0;0;0;4;179.2380952
3764;0;0;0;0;3;1;0.3333;80;49;23;8;132;6;0.0455;66;34;0.5152;459334;6959.6061;70;22406.21429
3765;1;1;0;0;1;0;0;6;6;0;0;5;0;0;4;5;1.25;2990;747.5;9;359.1309524
3772;0;0;0;0;1;1;1;8;7;1;0;6;0;0;5;2;0.4;7618;1523.6;17;617.2857143
3780;0;0;0;0;1;0;0;3;3;0;0;1;0;0;0;0;0;0;0;4;180.5714286
3783;17;8;5;4;1;1;1;1;1;0;0;0;0;0;0;0;0;0;0;1;182.047619
3787;1;1;0;0;3;1;0.3333;7;7;0;0;1;0;0;2;1;0.5;1125;562.5;4;262.0634905
3799;8;2;2;0;5;3;0.6;24;18;5;1;101;40;0.396;16;9;0.5625;26219;1638.6875;50;1521.059333
3806;0;0;0;0;1;0;0;3;3;0;0;1;0;0;1;1;1;235;235;5;204.3809524
3807;1;0;0;1;4;4;1;3;3;0;0;0;0;0;0;0;0;0;0;5;182.3333333
3812;2;1;0;1;19;43;2.2632;21;15;6;0;23;2;0.087;5;16;3.2;11477;2295.4;47;847.1881048
3824;0;0;0;0;3;17;5.6667;8;6;2;0;1;0;0;0;0;0;0;0;7;184.460319
3825;0;0;0;0;1;1;1;3;3;0;0;3;0;0;2;3;1.5;1465;732.5;5;287.9047619
3826;45;22;7;8;1;0;0;12;10;1;1;30;2;0.0667;17;14;0.8235;22833;1343.1176;27;1342.857514
3828;8;4;2;1;1;2;2;1;1;0;0;0;0;0;0;0;0;0;0;2;183.4285714
3840;3;1;1;1;16;17;1.0625;17;11;6;0;20;11;0.55;0;0;0;0;0;27;189.1720238
3850;2;1;0;1;3;7;2.3333;15;13;2;0;14;0;0;17;12;0.7059;12370;727.6471;27;812.6041095
3851;4;1;2;1;10;22;2.2;21;16;5;0;53;3;0.0566;14;19;1.3571;11475;819.6429;36;778.8693619
3852;9;4;3;2;4;1;0.25;13;13;0;0;15;0;0;15;13;0.8667;8737;582.4667;28;632.9801619
3856;0;0;0;0;7;13;1.8571;12;9;3;0;7;1;0.1429;4;2;0.5;4399;1099.75;25;449.5357143
3857;0;0;0;0;7;4;0.5714;4;4;0;0;0;0;0;0;0;0;0;0;17;185.4081619
3872;2;1;0;1;3;1;0.3333;7;7;0;0;5;0;0;4;4;1;3722;930.5;13;408.2777762
3874;4;3;0;0;2;0;0;15;8;6;1;0;0;0;2;47;23.5;46380;23190;14;3503.309524
3887;3;2;0;0;1;2;2;2;2;0;0;0;0;0;0;0;0;0;0;4;185.952381
3889;0;0;0;0;1;0;0;4;4;0;0;1;0;0;2;2;1;2810;1405;6;386.9047619
3893;0;0;0;0;1;1;1;6;6;0;0;1;0;0;1;2;2;914;914;8;273.8095238
3897;0;0;0;0;1;0;0;2;2;0;0;0;0;0;1;2;2;455;455;2;229.4761905
3903;94;17;47;26;1;17;17;8;6;2;0;0;0;0;2;3;1.5;2906;1453;7;405.2619048
3911;0;0;0;0;1;0;0;1;1;0;0;0;0;0;0;0;0;0;0;1;186.4285714
3912;0;0;0;0;84;77;0.9167;18;13;5;0;91;38;0.4176;0;0;0;0;0;71;205.2540143
3931;1;0;0;1;1;0;0;0;0;0;0;0;0;0;1;0;0;19;19;5;189.4285714
3935;0;0;0;0;1;0;0;0;0;0;0;0;0;0;0;0;0;0;0;4;187.6190476
3939;0;0;0;0;2;1;0.5;2;2;0;0;0;0;0;0;0;0;0;0;1;187.9761905
3943;35;7;10;0;1;0;0;0;0;0;0;0;0;0;0;0;0;0;0;4;190.4761905
3949;0;0;0;0;2;0;0;0;0;0;0;0;0;0;0;0;0;0;0;6;188.4285714
3955;0;0;0;0;17;2;0.1176;9;9;0;0;11;3;0.2727;3;4;1.3333;1850;616.6667;40;310.5423952
3961;57;12;33;10;2;0;0;11;9;1;1;8;1;0.125;6;2;0.3333;17438;2906.3333;18;1165.561505
3962;3;2;0;0;1;0;0;3;3;0;0;2;0;0;2;7;3.5;369;184.5;5;216.5238095
3965;0;0;0;0;11;7;0.6364;2;2;0;0;5;0;0;0;0;0;0;0;15;190.8398286
3973;35;13;14;6;1;2;2;7;6;1;0;4;0;0;4;11;2.75;5441;1360.25;19;519.1428571
3985;2;1;0;1;6;19;3.1667;18;14;4;0;18;7;0.3889;10;21;2.1;8366;836.6;32;635.535981
3995;3;1;1;1;14;7;0.5;47;31;14;2;235;2;0.0085;52;27;0.5192;108430;2085.1923;74;5477.248571
3997;0;0;0;0;5;4;0.8;13;12;1;0;5;0;0;3;8;2.6667;5787;1929;13;560.9746048
4004;2;1;0;0;1;2;2;5;4;1;0;0;0;0;0;0;0;0;0;3;191.6666667
4013;0;0;0;0;1;1;1;6;6;0;0;2;0;0;3;1;0.3333;644;214.6667;9;233.4285714
4014;3;2;0;1;5;3;0.6;1;1;0;0;0;0;0;0;0;0;0;0;12;192.5047619
4021;1;0;0;0;3;1;0.3333;7;7;0;0;5;0;0;2;3;1.5;354;177;11;218.7539667
4025;1;0;0;0;8;11;1.375;3;3;0;0;7;0;0;0;0;0;0;0;15;194.0178571
4029;0;0;0;0;1;2;2;6;6;0;0;1;0;0;1;1;1;60;60;4;198.7619048
4038;1;1;0;0;1;-1;-1;2;2;0;0;0;0;0;0;0;0;0;0;3;192.6666667
4046;0;0;0;0;8;8;1;10;9;1;0;5;14;2.8;2;7;3.5;1210;605;30;283.9190476
4047;16;5;9;2;4;1;0.25;6;6;0;0;1;0;0;1;1;1;119;119;12;207.1547619
4055;0;0;0;0;1;1;1;1;1;0;0;0;0;0;0;0;0;0;0;4;193.5238095
4061;2;2;0;0;1;0;0;8;8;0;0;12;0;0;4;3;0.75;2484;621;6;343.4642857
4065;3;2;0;1;2;1;0.5;10;9;1;0;14;0;0;8;3;0.375;6047;755.875;22;521.1785714
4071;36;9;12;1;2;0;0;7;7;0;0;8;0;0;4;4;1;566;141.5;15;232.5952381
4072;0;0;0;0;5;2;0.4;24;19;5;0;49;4;0.0816;40;40;1;28081;702.025;51;1575.976505
4073;1;1;0;0;1;0;0;0;0;0;0;0;0;0;0;0;0;0;0;1;194.1428571
4081;7;3;0;3;34;32;0.9412;21;15;5;1;42;12;0.2857;1;2;2;1097;1097;45;309.5822333
4086;1;1;0;0;1;1;1;9;9;0;0;13;0;0;7;9;1.2857;5654;807.7143;22;505.8571429
4088;0;0;0;0;1;0;0;8;7;1;0;17;0;0;7;5;0.7143;7092;1013.1429;13;583.4693905
4094;9;4;1;0;1;0;0;0;0;0;0;0;0;0;0;0;0;0;0;4;195.8571429
4100;2;0;1;1;1;1;1;1;1;0;0;0;0;0;0;0;0;0;0;5;195.9047619
4114;0;0;0;0;1;0;0;3;3;0;0;8;0;0;4;0;0;2105;526.25;4;322.297619
4116;2;1;0;0;1;0;0;3;3;0;0;1;0;0;1;1;1;1868;1868;1;374.6190476
4122;1;1;0;0;1;0;0;0;0;0;0;1;0;0;0;0;0;0;0;2;196.5714286
4136;0;0;0;0;1;-1;-1;3;3;0;0;0;0;0;0;0;0;0;0;4;197.3809524
4138;0;0;0;0;6;9;1.5;8;8;0;0;6;0;0;4;2;0.5;1353;338.25;19;280.6309524
4146;0;0;0;0;30;69;2.3;26;18;7;1;39;9;0.2308;3;17;5.6667;11641;3880.3333;44;949.4538476
4165;3;2;0;0;1;0;0;1;1;0;0;0;0;0;0;0;0;0;0;5;198.952381
4166;0;0;0;0;2;1;0.5;2;2;0;0;0;0;0;0;0;0;0;0;3;198.8809524
4168;6;1;0;0;1;1;1;1;1;0;0;0;0;0;1;0;0;267;267;1;224.5714286
4169;0;0;0;0;1;2;2;5;5;0;0;0;0;0;0;0;0;0;0;2;199.3333333
4173;3;1;1;1;1;2;2;1;1;0;0;0;0;0;0;0;0;0;0;2;199.4285714
4184;1;1;0;0;3;2;0.6667;7;7;0;0;8;1;0.125;2;1;0.5;2170;1085;14;356.5377
4186;0;0;0;0;1;1;1;15;11;4;0;26;0;0;10;2;0.2;14565;1456.5;26;966.8904762
4194;1;0;0;0;29;13;0.4483;10;8;2;0;36;12;0.3333;7;3;0.4286;1942;277.4286;59;314.030419
4197;0;0;0;0;1;3;3;2;2;0;0;0;0;0;0;0;0;0;0;1;200.4285714
4201;0;0;0;0;9;3;0.3333;9;9;0;0;14;3;0.2143;12;2;0.1667;3212;267.6667;29;370.0657619
4209;0;0;0;0;1;1;1;7;7;0;0;9;2;0.2222;9;0;0;299;33.2222;13;218.6402095
4211;0;0;0;0;1;0;0;0;0;0;0;0;0;0;0;0;0;0;0;5;200.8095238
4218;13;4;3;0;6;9;1.5;4;4;0;0;8;0;0;1;0;0;975;975;14;296.9285714
4221;32;9;11;12;1;1;1;1;1;0;0;0;0;0;0;0;0;0;0;5;204.5238095
4232;2;1;0;0;5;52;10.4;12;7;5;0;4;0;0;0;0;0;0;0;13;206.8285714
4249;0;0;0;0;26;24;0.9231;248;133;89;26;140;42;0.3;149;1029;6.906;1460004;9798.6846;180;70292.6578
4254;13;7;3;2;22;17;0.7727;26;19;7;0;32;3;0.0938;24;35;1.4583;21884;911.8333;75;1301.769433
4261;2;1;0;1;5;12;2.4;7;6;1;0;4;0;0;2;1;0.5;522;261;11;242.852381
4270;2;1;0;0;1;7;7;9;8;1;0;7;1;0.1429;7;5;0.7143;6836;976.5714;9;578.4966
4273;2;0;1;1;1;0;0;2;2;0;0;0;0;0;0;0;0;0;0;2;204
4279;0;0;0;0;4;3;0.75;31;23;6;2;89;9;0.1011;35;65;1.8571;79004;2257.2571;40;4088.093586
4280;2;1;0;0;2;2;1;1;1;0;0;0;0;0;0;0;0;0;0;5;204.5238095
4282;0;0;0;0;3;1;0.3333;5;5;0;0;5;1;0.2;1;-3;-3;86;86;8;213.2158714
4283;10;4;2;2;2;0;0;5;5;0;0;9;0;0;6;1;0.1667;503;83.8333;13;234.7142857
4284;0;0;0;0;2;4;2;5;5;0;0;4;0;0;1;1;1;1638;1638;6;361.4761905
4286;0;0;0;0;1;1;1;2;2;0;0;0;0;0;0;0;0;0;0;5;204.6666667
4292;0;0;0;0;3;-1;-0.3333;1;1;0;0;2;0;0;1;0;0;123;123;8;216.7936524
4301;1;0;0;1;3;0;0;3;3;0;0;1;0;0;1;0;0;43;43;4;209.7142857
4302;99;50;40;6;53;41;0.7736;23;18;5;0;142;25;0.1761;3;7;2.3333;6856;2285.3333;71;668.0769667
4304;0;0;0;0;1;0;0;2;2;0;0;0;0;0;0;0;0;0;0;5;205.4285714
4309;76;27;17;1;39;1005;25.7692;108;58;42;8;65;50;0.7692;19;339;17.8421;284014;14948.1053;130;14538.07075
4310;0;0;0;0;4;1;0.25;10;9;1;0;25;2;0.08;13;2;0.1538;5023;386.3846;22;467.0889714
4313;0;0;0;0;1;17;17;3;2;1;0;0;0;0;0;0;0;0;0;3;207.4761905
4316;0;0;0;0;5;6;1.2;4;4;0;0;6;0;0;0;0;0;0;0;9;207.2
4319;11;2;6;3;2;1;0.5;4;4;0;0;2;0;0;1;-7;-7;283;283;4;233.8809524
4320;38;6;19;12;1;1;1;29;21;6;2;128;1;0.0078;25;40;1.6;78527;3141.08;39;4112.318467
4322;57;7;17;1;3;24;8;22;16;5;1;14;3;0.2143;9;34;3.7778;19696;2188.4444;25;1259.83031
4332;7;4;1;2;1;1;1;1;1;0;0;0;0;0;0;0;0;0;0;2;207.2857143
4343;0;0;0;0;1;0;0;0;0;0;0;0;0;0;0;0;0;0;0;5;207.0952381
4345;0;0;0;0;1;0;0;0;0;0;0;1;0;0;0;0;0;0;0;5;207.2380952
4346;0;0;0;0;6;21;3.5;22;19;3;0;26;0;0;17;19;1.1176;10315;606.7647;37;735.3515381
4347;3;2;0;0;32;24;0.75;21;18;3;0;62;16;0.2581;14;9;0.6429;6739;481.3571;55;563.238481
4350;0;0;0;0;1;2;2;2;2;0;0;2;0;0;0;0;0;0;0;4;207.8571429
4355;0;0;0;0;19;54;2.8421;16;11;5;0;15;7;0.4667;1;4;4;270;270;35;241.3956571
4357;0;0;0;0;3;0;0;5;5;0;0;7;0;0;7;1;0.1429;483;69;14;235.7687095
4361;4;2;1;1;1;0;0;1;1;0;0;0;0;0;0;0;0;0;0;2;208.2857143
4362;0;0;0;0;1;0;0;3;3;0;0;0;0;0;1;1;1;79;79;3;215.8571429
4372;16;9;3;4;86;772;8.9767;104;53;40;11;92;21;0.2283;40;742;18.55;623600;15590;162;30749.75024
4375;0;0;0;0;1;2;2;10;9;1;0;9;0;0;12;12;1;11502;958.5;25;805.6904762
4396;10;4;4;2;10;6;0.6;16;11;5;0;19;3;0.1579;16;21;1.3125;12218;763.625;62;836.6045429
4408;0;0;0;0;2;0;0;3;3;0;0;0;0;0;0;0;0;0;0;8;210.6666667
4414;0;0;0;0;2;1;0.5;5;5;0;0;3;0;0;3;1;0.3333;2609;869.6667;13;377.452381
4416;39;18;8;10;9;6;0.6667;5;5;0;0;12;1;0.0833;2;0;0;1000;500;21;288.2261905
4427;0;0;0;0;5;3;0.6;11;11;0;0;2;0;0;1;0;0;54;54;8;217.9333333
4440;1;0;0;1;1;10;10;4;3;1;0;0;0;0;0;0;0;0;0;3;213.047619
4455;1;1;0;0;140;99;0.7071;11;9;1;1;67;14;0.209;3;3;1;117;39;121;242.0912429
4468;0;0;0;0;1;2;2;1;1;0;0;1;0;0;0;0;0;0;0;3;213.2857143
4472;16;6;4;3;1;0;0;2;2;0;0;5;0;0;4;0;0;1468;367;8;302.7619048
4475;1;1;0;0;1;1;1;4;4;0;0;6;0;0;1;3;3;174;174;5;231.1428571
4476;1;0;0;0;1;0;0;2;2;0;0;3;0;0;2;2;1;1989;994.5;2;355.9761905
4485;0;0;0;0;1;0;0;3;3;0;0;6;0;0;5;1;0.2;101;20.2;13;220.8761905
4486;0;0;0;0;8;5;0.625;36;26;9;1;54;3;0.0556;42;86;2.0476;73855;1758.4524;59;3830.056219
4487;5;2;1;0;20;16;0.8;24;16;6;2;28;15;0.5357;15;13;0.8667;57785;3852.3333;78;3160.358843
4494;9;5;0;1;3;7;2.3333;8;7;1;0;15;2;0.1333;6;2;0.3333;1497;249.5;23;301.5380905
4495;3;1;1;1;5;0;0;6;6;0;0;1;0;0;2;3;1.5;398;199;20;244.8809524
4506;4;2;0;2;39;187;4.7949;31;20;11;0;75;11;0.1467;1;1;1;112;112;60;246.6638857
4507;13;5;5;2;2;1;0.5;2;2;0;0;0;0;0;0;0;0;0;0;7;216.5
4511;0;0;0;0;1;0;0;1;1;0;0;0;0;0;0;0;0;0;0;2;215.047619
4515;0;0;0;0;2;6;3;3;3;0;0;0;0;0;0;0;0;0;0;4;216
4520;0;0;0;0;2;3;1.5;6;5;1;0;1;0;0;0;0;0;0;0;6;216.452381
4531;14;5;5;3;3;5;1.6667;7;7;0;0;8;0;0;5;6;1.2;5173;1034.6;9;515.165081
4534;0;0;0;0;9;9;1;15;13;2;0;21;6;0.2857;3;4;1.3333;3481;1160.3333;23;442.0453476
4538;1;1;0;0;9;8;0.8889;24;18;5;1;21;0;0;21;30;1.4286;22290;1061.4286;51;1337.226005
4548;0;0;0;0;5;0;0;8;8;0;0;5;1;0.2;3;2;0.6667;1712;570.6667;19;327.7396857
4549;1;0;0;0;2;0;0;0;0;0;0;0;0;0;0;0;0;0;0;5;217
4554;0;0;0;0;2;0;0;3;2;1;0;2;0;0;1;0;0;7303;7303;9;913.3333333
4559;1;0;0;1;4;15;3.75;5;5;0;0;3;0;0;0;0;0;0;0;8;219.2738095
4561;4;0;3;1;1;0;0;0;0;0;0;0;0;0;0;0;0;0;0;4;217.8095238
4562;7;2;4;1;1;0;0;0;0;0;0;0;0;0;0;0;0;0;0;3;218.0952381
4564;2;1;0;0;1;0;0;1;1;0;0;0;0;0;0;0;0;0;0;5;217.8571429
4573;0;0;0;0;6;108;18;16;6;10;0;5;6;1.2;0;0;0;0;0;14;226.8190476
4575;0;0;0;0;1;0;0;1;1;0;0;0;0;0;0;0;0;0;0;3;218.1428571
4603;1;1;0;0;1;0;0;3;3;0;0;0;0;0;2;1;0.5;36;18;6;222.6428571
4619;3;1;1;1;1;2;2;6;6;0;0;2;40;20;1;0;0;200;200;7;243.4285714
4630;1;1;0;0;3;1;0.3333;3;3;0;0;1;0;0;0;0;0;0;0;2;221.2063476
4633;0;0;0;0;1;0;0;0;0;0;0;0;0;0;0;0;0;0;0;5;220.9047619
4638;12;5;4;2;1;67;67;27;14;11;2;3;1;0.3333;7;49;7;40969;5852.7143;14;2464.430838
4640;0;0;0;0;1;-2;-2;0;0;0;0;0;0;0;0;0;0;0;0;5;221.047619
4643;6;2;0;0;15;175;11.6667;46;24;21;1;44;34;0.7727;3;4;1.3333;610;203.3333;30;279.7669524
4646;0;0;0;0;1;0;0;0;0;0;0;0;0;0;0;0;0;0;0;4;221.4761905
4664;0;0;0;0;1;1;1;4;4;0;0;0;0;0;0;0;0;0;0;4;222.8095238
4668;7;2;1;2;2;3;1.5;3;3;0;0;0;0;0;0;0;0;0;0;4;223.6428571
4671;81;36;26;2;1;3;3;1;1;0;0;0;0;0;0;0;0;0;0;2;229.8571429
4678;0;0;0;0;2;-1;-0.5;2;2;0;0;0;0;0;1;1;1;34;34;5;226.5952381
4690;2;2;0;0;1;1;1;1;1;0;0;1;0;0;0;0;0;0;0;4;224
4691;0;0;0;0;5;8;1.6;9;8;1;0;12;2;0.1667;5;3;0.6;804;160.8;21;272.960319
4699;0;0;0;0;2;2;1;7;7;0;0;6;0;0;2;1;0.5;107;53.5;13;233.3809524
4702;0;0;0;0;3;3;1;3;3;0;0;3;0;0;4;-1;-0.25;168;42;19;235.702381
4706;11;8;2;1;1;0;0;1;1;0;0;0;0;0;0;0;0;0;0;2;225.3809524
4707;49;16;21;3;3;13;4.3333;5;4;1;0;0;0;0;1;0;0;41;41;6;234.0634905
4712;2;1;0;0;1;11;11;3;2;1;0;0;0;0;0;0;0;0;0;1;225.952381
4714;3;1;0;0;1;0;0;1;1;0;0;8;0;0;4;-2;-0.5;109;27.25;4;231.9404762
4720;0;0;0;0;1;0;0;6;5;1;0;2;0;0;2;0;0;873;436.5;4;288.1190476
4739;45;6;30;0;9;9;1;10;10;0;0;29;5;0.1724;3;2;0.6667;241;80.3333;33;250.1510667
4751;0;0;0;0;1;0;0;3;3;0;0;3;0;0;3;-1;-0.3333;102;34;10;233.7460333
4755;64;9;30;24;1;1;1;1;1;0;0;0;0;0;0;0;0;0;0;3;232.8571429
4761;6;5;0;1;1;0;0;2;2;0;0;0;0;0;1;0;0;566;566;2;281.5714286
4771;12;5;4;3;1;0;0;1;1;0;0;0;0;0;0;0;0;0;0;2;228.5714286
4772;12;3;5;4;1;0;0;3;3;0;0;0;0;0;0;0;0;0;0;4;228.9047619
4774;39;14;11;3;3;10;3.3333;5;2;3;0;3;0;0;0;0;0;0;0;10;232.3968238
4778;0;0;0;0;1;2;2;1;1;0;0;0;0;0;0;0;0;0;0;2;227.952381
4783;64;27;5;8;1;10;10;3;2;1;0;0;0;0;0;0;0;0;0;3;234.1428571
4788;0;0;0;0;1;-1;-1;0;0;0;0;0;0;0;0;0;0;0;0;3;228.0952381
4789;0;0;0;0;1;0;0;1;1;0;0;0;0;0;0;0;0;0;0;3;228.3333333
4790;0;0;0;0;1;0;0;5;5;0;0;1;0;0;2;-1;-0.5;635;317.5;3;274.1904762
4791;1;1;0;0;1;2;2;2;2;0;0;0;0;0;0;0;0;0;0;3;228.8095238
4806;0;0;0;0;1;0;0;0;0;0;0;0;0;0;0;0;0;0;0;2;229
4813;9;4;3;1;1;0;0;3;3;0;0;0;0;0;0;0;0;0;0;2;230.4285714
4819;5;2;2;1;4;3;0.75;15;13;2;0;15;0;0;16;12;0.75;15783;986.4375;25;1033.568452
4821;9;5;2;2;3;3;1;4;4;0;0;6;0;0;7;1;0.1429;1880;268.5714;23;335.2244905
4825;0;0;0;0;4;9;2.25;2;1;1;0;0;0;0;0;0;0;0;0;4;230.8690476
4833;9;5;2;2;1;0;0;1;0;1;0;0;0;0;0;0;0;0;0;5;231.3809524
4838;0;0;0;0;1;1;1;2;2;0;0;0;0;0;1;0;0;430;430;3;271.8571429
4841;0;0;0;0;2;0;0;5;5;0;0;3;0;0;5;2;0.4;1149;229.8;17;298.0571429
4856;0;0;0;0;1;19;19;13;11;2;0;10;1;0.1;9;20;2.2222;8506;945.1111;18;687.2587286
4859;96;39;34;11;3;-4;-1.3333;9;7;1;1;0;0;0;3;19;6.3333;119982;39994;19;7860.857143
4867;2;1;0;0;1;1;1;1;1;0;0;0;0;0;0;0;0;0;0;1;232.1904762
4873;1;1;0;0;5;9;1.8;31;22;7;2;14;0;0;11;21;1.9091;58697;5336.0909;14;3287.990476
4875;0;0;0;0;2;7;3.5;1;1;0;0;0;0;0;0;0;0;0;0;4;233.0238095
4877;2;1;0;0;17;29;1.7059;18;14;4;0;16;18;1.125;1;2;2;1884;1884;32;419.2300429
4878;0;0;0;0;2;1;0.5;8;7;1;0;9;0;0;4;11;2.75;6022;1505.5;14;593.6071429
4886;5;3;1;1;4;15;3.75;11;9;2;0;22;7;0.3182;7;-2;-0.2857;5196;742.2857;16;520.431819
4890;3;2;0;1;10;5;0.5;6;6;0;0;4;1;0.25;0;0;0;0;0;14;235.3690476
4906;4;2;1;1;37;62;1.6757;46;32;14;0;121;43;0.3554;44;51;1.1591;61358;1394.5;117;3249.3662
4920;93;17;47;24;2;0;0;7;6;1;0;4;0;0;5;1;0.2;4156;831.2;14;482.3047619
4931;0;0;0;0;2;2;1;19;15;4;0;48;0;0;18;12;0.6667;23161;1286.7222;31;1406.256614
4938;17;3;8;5;1;2;2;1;1;0;0;0;0;0;0;0;0;0;0;5;237.2857143
4941;0;0;0;0;25;61;2.44;86;52;31;3;162;82;0.5062;68;283;4.1618;149149;2193.3676;123;7488.87979
4946;0;0;0;0;1;1;1;1;1;0;0;0;0;0;0;0;0;0;0;3;235.9047619
4954;29;5;5;0;3;7;2.3333;3;3;0;0;1;0;0;0;0;0;0;0;8;239.0634905
4956;5;3;1;1;15;16;1.0667;7;5;2;0;13;0;0;3;0;0;500;166.6667;26;272.4158762
4967;0;0;0;0;12;5;0.4167;11;10;1;0;9;3;0.3333;3;0;0;4849;1616.3333;28;548.3373
4973;11;4;4;2;2;3;1.5;4;4;0;0;0;0;0;1;0;0;12;12;9;240.1190476
4977;14;7;1;4;1;0;0;6;6;0;0;4;0;0;4;2;0.5;514;128.5;10;270.4285714
4990;34;14;12;6;9;17;1.8889;22;17;4;1;21;1;0.0476;13;17;1.3077;21291;1637.7692;20;1339.524448
4993;0;0;0;0;215;181;0.8419;38;24;11;3;0;0;0;0;0;0;0;0;0;260.2781857
5013;15;12;0;0;6;33;5.5;8;4;4;0;1;0;0;0;0;0;0;0;16;243.6904762
5028;1;0;0;0;1;1;1;2;2;0;0;3;0;0;2;0;0;239;119.5;9;257.547619
5035;13;7;3;3;8;11;1.375;6;6;0;0;10;1;0.1;2;1;0.5;564;282;13;284.1416667
5040;2;1;0;0;1;2;2;1;1;0;0;0;0;0;0;0;0;0;0;2;240.5714286
5049;18;10;3;3;1;0;0;4;4;0;0;5;0;0;1;2;2;222;222;4;264.2857143
5051;0;0;0;0;1;5;5;4;4;0;0;2;0;0;1;0;0;29;29;7;244.6666667
5056;0;0;0;0;4;4;1;4;4;0;0;4;1;0.25;0;0;0;0;0;13;242.4404762
5059;0;0;0;0;2;0;0;12;8;3;1;6;0;0;6;13;2.1667;24390;4065;12;1599.007938
5064;3;2;0;1;10;7;0.7;15;12;2;1;37;12;0.3243;11;18;1.6364;16776;1525.0909;43;1121.03579
5072;38;13;7;3;21;248;11.8095;52;30;19;3;34;29;0.8529;5;91;18.2;154573;30914.6;45;9106.117257
5073;9;3;4;2;1;0;0;4;4;0;0;6;0;0;4;2;0.5;3176;794;10;432.9761905
5075;0;0;0;0;2;0;0;5;5;0;0;5;0;0;4;2;0.5;2534;633.5;10;394.0952381
5077;0;0;0;0;32;147;4.5938;29;13;15;1;12;2;0.1667;1;8;8;11262;11262;66;1330.464786
5080;7;1;3;2;1;2;2;2;2;0;0;0;0;0;0;0;0;0;0;1;243
5084;16;6;2;0;1;1;1;8;8;0;0;3;0;0;5;1;0.2;1382;276.4;10;324.0285714
5085;1;0;0;0;1;-1;-1;1;1;0;0;0;0;0;0;0;0;0;0;1;242.2857143
5087;0;0;0;0;15;6;0.4;4;4;0;0;8;0;0;0;0;0;0;0;22;245.0666667
5095;0;0;0;0;2;2;1;7;6;1;0;2;2;1;3;3;1;5974;1991.3333;10;623.8730143
5097;0;0;0;0;10;148;14.8;24;11;13;0;2;8;4;0;0;0;0;0;22;254.9428571
5112;0;0;0;0;8;-6;-0.75;4;4;0;0;1;0;0;0;0;0;0;0;17;244.7261905
5114;3;2;0;0;2;1;0.5;8;7;1;0;10;0;0;5;5;1;3274;654.8;20;433.7285714
5131;0;0;0;0;1;1;1;2;2;0;0;0;0;0;0;0;0;0;0;5;244.9047619
5135;23;15;1;2;71;57;0.8028;28;19;9;0;282;74;0.2624;30;24;0.8;4967;165.5667;104;524.2110429
5137;3;2;0;1;1;0;0;0;0;0;0;0;0;0;0;0;0;0;0;2;245.047619
5138;0;0;0;0;3;1;0.3333;1;1;0;0;1;1;1;0;0;0;0;0;9;245.539681
5139;57;41;6;10;1;0;0;5;5;0;0;11;0;0;1;1;1;1341;1341;4;379.2380952
5143;0;0;0;0;2;15;7.5;4;4;0;0;3;1;0.3333;1;0;0;111;111;5;257.5158714
5147;1;1;0;0;4;5;1.25;24;18;6;0;43;1;0.0233;22;26;1.1818;27518;1250.8182;24;1623.489205
5151;0;0;0;0;1;0;0;2;2;0;0;0;0;0;0;0;0;0;0;4;245.7142857
5155;2;1;0;1;4;4;1;5;5;0;0;3;0;0;0;0;0;0;0;8;247.0952381
5157;8;2;5;1;1;-1;-1;0;0;0;0;0;0;0;0;0;0;0;0;3;246.4285714
5176;0;0;0;0;3;11;3.6667;26;16;7;3;11;10;0.9091;4;48;12;95431;23857.75;14;5934.967895
5186;0;0;0;0;1;4;4;5;4;1;0;0;0;0;1;3;3;9553;9553;2;1158.095238
5189;5;3;1;1;1;0;0;9;9;0;0;7;0;0;6;5;0.8333;6649;1108.1667;7;619.0952381
5190;2;1;0;1;1;1;1;2;2;0;0;0;0;0;0;0;0;0;0;2;247.7619048
5218;2;1;0;0;1;-13;-13;0;0;0;0;0;0;0;0;0;0;0;0;1;247.4761905
5223;0;0;0;0;1;0;0;12;8;3;1;17;1;0.0588;9;-5;-0.5556;30220;3357.7778;16;1850.632429
5238;0;0;0;0;1;-1;-1;0;0;0;0;0;0;0;0;0;0;0;0;2;249.4761905
5240;44;9;15;20;1;0;0;4;4;0;0;3;0;0;3;0;0;455;151.6667;7;283.6507952
5247;0;0;0;0;1;1;1;7;7;0;0;2;0;0;5;4;0.8;1905;381;14;360.752381
5251;51;12;23;10;2;0;0;1;1;0;0;2;0;0;1;0;0;922;922;5;343
5256;0;0;0;0;4;5;1.25;12;12;0;0;9;2;0.2222;2;5;2.5;4723;2361.5;11;590.7843905
5257;2;1;0;1;1;0;0;1;1;0;0;2;0;0;1;-1;-1;25;25;4;253.2857143
5273;11;4;4;3;2;4;2;7;7;0;0;2;1;0.5;1;1;1;1141;1141;9;362.5952381
5289;9;5;0;1;1;1;1;16;13;3;0;20;0;0;19;20;1.0526;18097;952.4737;37;1165.977443
5290;5;3;1;1;1;0;0;0;0;0;0;0;0;0;0;0;0;0;0;2;252.5238095
5304;0;0;0;0;1;0;0;3;3;0;0;2;0;0;3;0;0;93;31;14;259.7142857
5311;5;4;0;1;1;1;1;12;9;2;1;4;1;0.25;3;10;3.3333;26530;8843.3333;8;1940.519838
5317;6;5;0;1;11;19;1.7273;57;36;20;1;36;8;0.2222;41;120;2.9268;143176;3492.0976;39;7256.665424
5320;5;4;0;1;1;0;0;1;1;0;0;0;0;0;0;0;0;0;0;4;254.1428571
5321;0;0;0;0;32;16;0.5;10;7;2;1;25;0;0;1;0;0;40;40;50;264.0714286
5322;11;6;2;1;17;7;0.4118;19;17;2;0;82;31;0.378;6;1;0.1667;701;116.8333;46;304.2280857
5328;0;0;0;0;1;2;2;3;3;0;0;0;0;0;0;0;0;0;0;5;254.4761905
5329;0;0;0;0;2;0;0;5;4;1;0;3;1;0.3333;1;1;1;4135;4135;9;648.9206333
5339;11;4;3;2;1;1;1;2;2;0;0;0;0;0;0;0;0;0;0;4;255.7142857
5342;1;1;0;0;1;2;2;2;2;0;0;0;0;0;0;0;0;0;0;4;255.0952381
5343;0;0;0;0;1;0;0;0;0;0;0;0;0;0;0;0;0;0;0;4;254.6666667
5345;0;0;0;0;8;18;2.25;16;12;3;1;12;0;0;9;4;0.4444;12404;1378.2222;25;916.0912667
5350;0;0;0;0;1;2;2;1;1;0;0;0;0;0;0;0;0;0;0;3;255.2380952
5357;4;3;0;1;4;0;0;1;1;0;0;0;0;0;0;0;0;0;0;9;256.1904762
5358;43;6;31;6;3;0;0;9;9;0;0;38;1;0.0263;11;1;0.0909;2480;225.4545;18;392.3605571
5364;28;7;14;1;18;214;11.8889;26;11;14;1;10;6;0.6;1;0;0;555;555;34;327.2137571
5375;4;3;0;0;1;3;3;9;9;0;0;12;0;0;8;7;0.875;4048;506;14;476.327381
5380;0;0;0;0;1;0;0;7;7;0;0;9;0;0;6;6;1;3556;592.6667;19;456.4127
5391;0;0;0;0;1;0;0;3;3;0;0;0;0;0;1;0;0;202;202;3;276.4761905
5393;0;0;0;0;2;0;0;6;6;0;0;7;0;0;6;1;0.1667;2294;382.3333;8;385.9761905
5394;1;1;0;0;3;1;0.3333;2;2;0;0;0;0;0;0;0;0;0;0;10;257.8253952
5395;0;0;0;0;1;2;2;1;1;0;0;0;0;0;0;0;0;0;0;3;257.3809524
5398;3;1;0;0;1;1;1;5;4;1;0;0;0;0;1;3;3;4444;4444;4;681.6190476
5401;7;6;0;0;1171;8317;7.1025;1251;610;568;73;3427;3393;0.9901;419;4103;9.7924;2923515;6977.3628;1081;140968.4404
5406;0;0;0;0;3;0;0;10;10;0;0;27;1;0.037;5;3;0.6;1794;358.8;12;363.3541429
5407;3;2;0;1;2;11;5.5;9;6;3;0;2;0;0;0;0;0;0;0;7;259.9285714
5410;21;10;4;6;1;3;3;2;2;0;0;1;0;0;1;0;0;1301;1301;3;384.2380952
5418;0;0;0;0;1;0;0;4;4;0;0;11;0;0;2;0;0;140;70;5;269.2857143
5426;8;4;2;0;70;146;2.0857;97;54;37;6;96;332;3.4583;41;256;6.2439;187546;4574.2927;160;9469.860981
5440;5;4;0;1;1;0;0;0;0;0;0;0;0;0;0;0;0;0;0;2;259.6666667
5456;0;0;0;0;38;25;0.6579;7;6;1;0;75;5;0.0667;0;0;0;0;0;45;269.4630762
5459;0;0;0;0;75;202;2.6933;54;32;22;0;87;11;0.1264;7;14;2;6313;901.8571;108;632.8893714
5464;72;9;40;0;4;2;0.5;16;13;2;1;41;3;0.0732;13;15;1.1538;17804;1369.5385;28;1185.63169
5468;5;4;0;1;5;7;1.4;27;18;8;1;12;4;0.3333;8;41;5.125;44490;5561.25;30;2652.243252
